name,brand,rating,price_bdt,release_year,os,display_inches,camera_megapixel,ram_gb,battery_mah
Ulefone Armor 29 Pro Thermal,Ulefone,8.4,0.0,"Exp. release 2025, September 15",Android 15,6.67,64,16,21200.0
Ulefone Armor 29 Pro,Ulefone,8.5,0.0,"Exp. release 2025, September 15",Android 15,6.67,64,16,21200.0
Ulefone RugKing,Ulefone,6.0,0.0,"Exp. release 2025, September 15",Android 15,5.99,50,8,9600.0
Cubot X100,Cubot,6.8,0.0,"2025, August",Android 15,6.88,64,8,5100.0
Cubot KingKong Mini 4,Cubot,5.8,0.0,"2025, August",Android 15,4.7,48,6,4700.0
Vivo T4 Pro,Vivo,7.9,50000.0,"2025, August 26",Android 15,6.77,50,4,6500.0
Samsung Galaxy A07 4G,Samsung,6.3,10000.0,"2025, August 25",Android 15,6.7,50,4,5000.0
Itel Zeno 20,Itel,6.0,9000.0,"2025, August 25",Android 14,6.6,13,3,5000.0
Lava Play Ultra,Lava,6.9,22000.0,"2025, August 25",Android 15,6.67,64,6,5000.0
Realme Note 70,Realme,6.5,11999.0,"2025, August 24",Android 15,6.7,13,4,6300.0
Xiaomi Redmi Note 15 Pro+ 5G,Xiaomi,8.8,42000.0,"2025, August 21",Android 15,6.83,50,4,7000.0
Xiaomi Redmi Note 15 Pro 5G,Xiaomi,8.1,34000.0,"2025, August 21",Android 15,6.83,50,8,7000.0
Xiaomi Redmi Note 15 5G,Xiaomi,7.5,31000.0,"2025, August 21",Android 15,6.77,50,3,5800.0
Realme P4 Pro,Realme,7.8,40000.0,"2025, August 27",Android 15,6.8,50,4,7000.0
Realme P4,Realme,7.4,30000.0,"2025, August 20",Android 15,6.77,50,6,7000.0
Google Pixel 10 Pro XL,Google,9.9,150000.0,"2025, August 28",Android 15,6.8,50,5,5200.0
Google Pixel 10 Pro,Google,9.3,125000.0,"2025, August 28",Android 15,6.3,50,5,4870.0
Google Pixel 10,Google,8.4,110000.0,"2025, August 28",Android 16,6.3,50,5,4970.0
Walton XANON X1 Ultra,Walton,6.5,17999.0,"2025, August 19",Android 15,6.6,50,6,5000.0
T-Mobile T Tablet 2,T-Mobile,5.6,30000.0,"2025, August 14",Android 15,10.1,8,6,6000.0
T-Mobile T Phone 3,T-Mobile,6.9,0.0,"2025, August",Android 15,6.58,50,3,5000.0
Doogee Fire 7,Doogee,6.6,40000.0,"2025, August",Android 15,6.6,64,4,13000.0
Doogee Fire 3 Pro,Doogee,5.5,25000.0,"2025, August",Android 15,5.5,16,4,8350.0
Doogee Fire 3 Ultra,Doogee,6.0,30000.0,"2025, August",Android 15,5.5,20,6,8350.0
Tecno Spark Go,Tecno,6.6,15000.0,"2025, August 21",Android 15,6.74,50,4,6000.0
Doogee S200 Max,Doogee,8.0,70000.0,"2025, August",Android 15,6.72,100,16,22000.0
Infinix Hot 60i,Infinix,7.3,15000.0,"2025, August 21",Android 15,6.75,50,4,6000.0
Xiaomi Poco M7 4G,Xiaomi,7.0,18000.0,"2025, August 13",Android 15,6.9,50,6,7000.0
Honor X7c,Honor,6.9,25000.0,"2025, August 20",Android 14,6.8,50,2,5200.0
Vivo V60,Vivo,8.3,52000.0,"2025, August 19",Android 15,6.77,50,4,6500.0
Cubot KingKong 11,Cubot,7.3,40000.0,"2025, August",Android 15,6.72,108,16,10200.0
Cubot KingKong ES 3,Cubot,6.3,20000.0,"2025, August",Android 15,6.75,48,6,10200.0
Ulefone Armor 29 Ultra,Ulefone,8.8,130000.0,"Exp. release 2025, August 18",Android 15,6.67,64,16,21200.0
Ulefone Armor 33,Ulefone,7.8,85000.0,"2025, August 18",Android 15,6.95,64,12,25500.0
Infinix GT 30,Infinix,7.6,28000.0,"2025, August 11",Android 15,6.78,64,8,5500.0
Honor 400 Smart,Honor,6.4,0.0,"2025, August 09",Android 15,6.77,50,3,6500.0
Ulefone Armor 34,Ulefone,5.0,90000.0,"2025, August 18",Android 15,6.95,64,16,25500.0
Lava Blaze Amoled 2,Lava,7.3,22000.0,"2025, August 16",Android 15,6.67,50,6,5000.0
Wiko T40,Wiko,5.9,0.0,2025,Android 14,6.56,50,4,5000.0
Vivo iQOO Z10 Turbo+,Vivo,8.5,45000.0,"2025, August 07",Android 15,6.78,50,12,8000.0
Samsung Galaxy A17,Samsung,6.8,35000.0,"2025, August 14",Android 15,6.7,50,4,5000.0
Xiaomi Poco M7 Plus,Xiaomi,7.3,20000.0,"2025, August 19",Android 15,6.9,50,3,7000.0
Vivo Y400,Vivo,7.6,26000.0,"2025, August 07",Android 15,6.67,50,2,6000.0
Symphony Innova 40,Symphony,6.3,10999.0,"2025, August 10",Android 15,6.75,50,6,6000.0
Xiaomi Redmi 15,Xiaomi,7.3,22000.0,"2025, August 01",Android 15,6.9,50,3,7000.0
Xiaomi Redmi 15 4G,Xiaomi,7.0,20000.0,"2025, August 01",Android 15,6.9,50,6,7000.0
Vivo T4R,Vivo,7.3,30000.0,"2025, August 05",Android 15,6.77,50,8,5700.0
Vivo Y400 4G,Vivo,7.3,27999.0,"2025, July 28",Android 15,6.67,50,8,6000.0
Lava Blaze Dragon,Lava,6.6,15000.0,"2025, August 1",Android 15,6.75,50,2,5000.0
Vivo iQOO Z10R,Vivo,7.1,27000.0,"2025, July 29",Android 15,6.77,50,8,5700.0
Realme 15 Pro,Realme,8.1,40000.0,"2025, July 30",Android 15,6.8,50,4,7000.0
Realme 15,Realme,7.9,33000.0,"2025, July 30",Android 15,6.8,50,8,7000.0
Realme Narzo 80 Lite 4G,Realme,6.1,12000.0,"2025, July 28",Android 15,6.74,13,4,6300.0
Realme Note 70T,Realme,6.3,15000.0,"2025, July",Android 15,6.74,50,4,6000.0
Vivo Y50m,Vivo,6.3,25000.0,"2025, July 21",Android 15,6.74,13,6,6000.0
Samsung Galaxy F36,Samsung,7.6,25000.0,"2025, July 29",Android 15,6.7,50,6,5000.0
Oppo K13 Turbo Pro,Oppo,7.8,46000.0,"2025, July 25",Android 15,6.8,50,4,7000.0
Oppo K13 Turbo,Oppo,7.9,42000.0,"2025, July 25",Android 15,6.8,50,12,7000.0
Proton X20 Pro,Proton Mobile,5.8,10500.0,"2025, July",Android 15,6.6,52,4,5200.0
TCL 60 SE,TCL,6.4,30000.0,"2025, July",Android 15,6.7,50,8,5200.0
Tecno Spark 40C,Tecno,6.5,12499.0,"2025, August",Android 15,6.67,13,4,6000.0
Cubot A40,Cubot,6.8,0.0,"2025, July",Android 15,6.88,48,4,5100.0
Honor X70,Honor,6.5,25000.0,"2025, July 18",Android 15,6.79,50,4,8300.0
Vivo Y19s GT,Vivo,7.1,15000.0,"2025, July",Android 15,6.74,50,6,5500.0
HTC Wildfire E6,HTC,5.1,6000.0,"2025, July",Android 13,6.0,5,2,3000.0
HTC Wildfire E6 Star,HTC,5.4,7000.0,"2025, July",Android 13,6.56,5,2,3000.0
ZTE Blade A35e,ZTE,5.4,6999.0,"2025, July 15",Android 15,6.52,8,2,5000.0
Infinix Hot 60,Infinix,7.1,15000.0,"2025, July 15",Android 15,6.7,50,6,5200.0
Vivo Y50 (China),Vivo,6.4,22000.0,"2025, July 21",Android 15,6.74,13,4,6000.0
Xiaomi Redmi 15C 4G,Xiaomi,6.8,14999.0,"2025, August 01",Android 15,6.9,50,4,6000.0
Ulefone Armor X16 Pro,Ulefone,8.1,30000.0,"2025, July",Android 15,5.56,64,8,10360.0
Ulefone Armor X16,Ulefone,7.5,0.0,"2025, July",Android 15,5.56,48,6,10360.0
Samsung Galaxy Z Fold7,Samsung,9.0,172000.0,"2025, July 25",Android 16,8.0,200,8,4400.0
Samsung Galaxy Z Flip7,Samsung,8.5,105000.0,"2025, July 25",Android 16,6.9,50,12,4300.0
Samsung Galaxy Z Flip7 FE,Samsung,8.0,110000.0,"2025, July 25",Android 16,6.7,50,8,4000.0
Itel P65C,Itel,5.8,10000.0,"2025, June",Android 15,6.6,50,4,5000.0
Tecno Pova 7,Tecno,7.8,22000.0,"2025, July 10",Android 15,6.78,50,8,6000.0
HTC Wildfire E5,HTC,5.6,15000.0,"2025, July 04",Android 14,6.75,16,4,5000.0
OnePlus Nord CE5,OnePlus,7.5,35999.0,"2025, July 08",Android 15,6.77,50,8,5200.0
OnePlus Nord 5,OnePlus,8.0,53999.0,"2025, July 08",Android 15,6.83,50,3,5200.0
Infinix Hot 60 Pro+,Infinix,7.8,21999.0,"2025, July 13",Android 15,6.78,50,8,5160.0
Infinix Hot 60 Pro,Infinix,7.0,18999.0,"2025, July 13",Android 15,6.78,50,8,5160.0
Tecno Pova 7 Pro,Tecno,7.6,28000.0,"2025, July 10",Android 15,6.78,64,8,6000.0
Tecno Spark 40 Pro+,Tecno,7.1,24999.0,"2025, July 07",Android 15,6.78,50,8,5200.0
Tecno Spark 40 Pro,Tecno,7.0,19999.0,"2025, July 07",Android 15,6.78,50,8,5200.0
Tecno Spark 40,Tecno,6.8,13999.0,"2025, July 05",Android 15,6.67,50,4,5200.0
Honor Magic V5,Honor,9.4,219999.0,"2025, July 02",Android 15,7.95,50,8,5820.0
Nothing Phone (3),Nothing,8.8,110000.0,"2025, July 15",Android 15,6.67,50,4,5150.0
Symphony S100,Symphony,6.6,2300.0,"2025, June",,2.8,0,0,1850.0
Symphony L48,Symphony,6.4,1320.0,"2025, June",,2.4,0,0,1800.0
Symphony A20,Symphony,5.6,950.0,"2025, June",,1.77,0,0,1000.0
Symphony D44,Symphony,6.3,1250.0,"2025, June",,2.4,0,0,1500.0
Symphony L256,Symphony,6.5,0.0,"2025, June",,2.8,0,0,2500.0
Samsung Galaxy M36,Samsung,7.0,26000.0,"2025, July 12",Android 15,6.7,50,6,5000.0
Motorola Moto G96,Motorola,7.3,26000.0,"2025, July 16",Android 15,6.67,50,2,5500.0
Xiaomi Redmi K80 Ultra,Xiaomi,8.3,49000.0,"2025, June 26",Android 15,6.83,50,12,7410.0
Xiaomi Mix Flip 2,Xiaomi,7.9,105000.0,"2025, June 26",Android 15,6.86,50,8,5165.0
Fairphone 6,Fairphone,7.3,85000.0,"2025, June 25",Android 15,6.31,50,3,4415.0
Infinix Hot 60i 4G,Infinix,6.8,13999.0,"2025, July 02",Android 15,6.7,50,4,5160.0
Vivo X Fold5,Vivo,8.8,140000.0,"2025, July 02",Android 15,8.03,50,3,6000.0
Oppo Reno14 F,Oppo,7.4,42990.0,"2025, July 16",Android 15,6.57,50,1,6000.0
Vivo T4 Lite,Vivo,7.0,15000.0,"2025, July 02",Android 15,6.74,50,4,6000.0
Doogee Blade GT Pro,Doogee,7.6,60000.0,"2025, February",Android 14,6.72,100,12,5800.0
Doogee Blade GT Play,Doogee,6.8,45000.0,"2025, February",Android 14,6.72,50,8,5800.0
Oppo K13x,Oppo,6.9,18000.0,"2025, June 27",Android 15,6.67,50,4,6000.0
Vivo X200 FE,Vivo,8.8,72000.0,"2025, July 05",Android 15,6.31,50,12,6500.0
Benco S2c,Benco,6.5,0.0,"2025, June",Android 14,6.82,50,6,5000.0
HTC Wildfire E4 Plus,HTC,6.0,15000.0,"2025, June 20",Android 14,6.75,16,4,5000.0
Tecno Pova 7 Ultra,Tecno,7.4,0.0,"2025, July",Android 15,6.67,108,8,6000.0
Vivo Y400 Pro,Vivo,7.8,38000.0,"2025, June 27",Android 15,6.77,50,8,5500.0
Tecno Pova 7 4G,Tecno,7.5,0.0,"2025, June 25",Android 15,6.78,108,8,7000.0
Umidigi G9x,Umidigi,5.4,15000.0,"2025, June",Android 14,6.75,13,1,5000.0
ZTE Blade A36,ZTE,5.6,8499.0,"2025, June",Android 15,6.75,13,4,5000.0
Cubot P90,Cubot,6.8,0.0,"2025, June",Android 15,6.88,64,6,5100.0
Vivo iQOO Z10 Lite,Vivo,7.1,18000.0,"2025, June 25",Android 15,6.74,50,4,6000.0
Infinix Smart 10 Plus,Infinix,6.4,11499.0,"2025, June 16",Android 15/15,6.67,8,4,6000.0
Infinix Smart 10 HD,Infinix,5.3,9000.0,"2025, June 16",Android 14,6.6,13,12,5000.0
Realme Narzo 80 Lite,Realme,7.1,15000.0,"2025, June 23",Android 15,6.67,32,4,6000.0
Infinix Smart 10,Infinix,5.8,10499.0,"2025, June 16",Android 15/15,6.67,8,3,5000.0
Xiaomi Poco F7,Xiaomi,8.5,46000.0,"2025, June 24",Android 15,6.83,50,4,6500.0
T-Mobile REVVL Tab 2,T-Mobile,6.3,22000.0,"2025, June 26",Android 15,10.1,8,4,6000.0
Lava Storm Lite,Lava,6.6,12000.0,"2025, June 19",Android 15,6.75,50,4,5000.0
Lava Storm Play,Lava,7.0,15000.0,"2025, June 24",Android 15,6.75,50,6,5000.0
ZTE Blade A56,ZTE,5.8,9499.0,"2025, July",Android 15,6.75,13,4,5000.0
Vivo T4 Ultra,Vivo,8.1,60000.0,"2025, June 18",Android 15,6.67,50,8,5500.0
Huawei Pura 80 Ultra,Huawei,10.0,199500.0,"2025, June 11",EMUI 14.2,6.8,50,16,5700.0
Huawei Pura 80 Pro+,Huawei,9.3,155000.0,"2025, June 11",EMUI 14.2,6.8,50,16,5700.0
Huawei Pura 80 Pro,Huawei,8.6,135000.0,"2025, June 12",EMUI 14.2,6.8,50,12,5700.0
Huawei Pura 80,Huawei,7.5,80000.0,"2025, July 25",EMUI 15,6.6,50,12,5170.0
Ulefone Armor 30,Ulefone,8.1,40000.0,"2025, June 16",Android 15,6.95,64,12,12800.0
Honor X6c,Honor,6.5,14999.0,"2025, June 06",Android 15,6.61,50,6,5300.0
Walton NEXG N75,Walton,6.4,13499.0,"2025, June 04",Android 15,6.7,52,8,5000.0
Lava Bold N1 Pro,Lava,6.4,12000.0,"2025, June 04",Android 14,6.67,50,4,5000.0
Lava Bold N1,Lava,6.0,10000.0,"2025, June 04",Android 14,6.75,13,4,5000.0
Oscal Pilot 3,Oscal,7.8,30000.0,"2025, June 16",Android 15,6.78,50,12,7500.0
Tecno Spark Go 2,Tecno,5.6,9999.0,"2025, June 03",Android 15,6.67,13,3,5000.0
Sharp Aquos R10,Sharp,7.6,0.0,"2025, July",Android 15,6.5,50,3,5000.0
ZTE Blade A76,ZTE,6.1,0.0,"2025, June",Android,6.75,50,6,5000.0
Honor 400 Pro (China),Honor,8.5,70000.0,"2025, June 08",Android 15,6.55,200,3,7200.0
Honor 400 (China),Honor,7.9,50000.0,"2025, June 06",Android 15,6.55,200,4,7200.0
Realme C73,Realme,6.4,15000.0,"2025, June 02",Android 15,6.67,32,4,6000.0
Motorola Moto G86 Power,Motorola,7.6,28000.0,"2025, July 30",Android 15,6.67,50,8,6720.0
Motorola Moto G86,Motorola,7.4,45000.0,"2025, July 07",Android 15,6.67,50,8,5200.0
Motorola Moto G56,Motorola,6.6,35000.0,"2025, May 29",Android 15,6.72,50,8,5200.0
Tecno Pova Curve,Tecno,8.1,25000.0,"2025, June 05",Android 15,6.78,64,6,5500.0
Realme Neo7 Turbo,Realme,8.3,45000.0,"2025, May 29",Android 15,6.8,50,12,7200.0
Oppo A5i,Oppo,6.3,0.0,"2025, May",Android 15,6.67,8,1,5100.0
Vivo S30 Pro mini,Vivo,8.8,60000.0,"2025, June 06",Android 15,6.31,50,12,6500.0
Vivo S30,Vivo,8.3,52000.0,"2025, May 29",Android 15,6.67,50,4,6500.0
Walton Orbit Y13,Walton,6.1,7999.0,"2025, May 29",Android 14,6.6,8,4,5000.0
Huawei Nova Y73,Huawei,6.5,25000.0,"2025, June 03",Android 12,6.67,50,8,6620.0
Motorola Edge (2025),Motorola,8.1,70000.0,"2025, June 06",Android 15,6.7,50,8,5200.0
Realme GT 7T,Realme,8.3,44000.0,"2025, May 27",Android 15,6.8,50,8,7000.0
Realme GT 7,Realme,8.5,75000.0,"2025, May 27",Android 15,6.78,50,8,7000.0
ZTE nubia Red Magic 10S Pro+,ZTE,9.5,137000.0,"2025, May 26",Android 15,6.85,50,8,7500.0
ZTE nubia Red Magic 10s Pro,ZTE,8.8,105000.0,"2025, May 26",Android 15,6.85,50,8,7050.0
Acer Super ZX,Acer,6.8,15000.0,"2025, May 26",Android 15,6.78,64,4,5000.0
Doogee Blade20 Play,Doogee,7.3,50000.0,"2025, May",Android 15,6.6,50,8,10300.0
Doogee Blade20 Turbo,Doogee,7.5,50000.0,"2025, May",Android 15,6.6,50,8,10300.0
Doogee Blade20 Ultra,Doogee,6.9,35000.0,"2025, May",Android 14,6.6,50,8,10300.0
Doogee Blade20,Doogee,6.4,30000.0,"2025, May",Android 15,6.6,16,4,10300.0
Oppo A5x,Oppo,6.8,20000.0,"2025, May 25",Android 15,6.67,32,4,6000.0
Lava Shark,Lava,6.3,15000.0,"2025, May 23",Android 15,6.75,13,4,5000.0
Vivo iQOO Neo10,Vivo,7.9,38000.0,"2025, June 02",Android 15,6.78,50,4,7000.0
Alcatel V3 Classic,Alcatel,6.1,20000.0,"2025, June 02",Android 15,6.67,50,4,5200.0
Alcatel V3 Pro,Alcatel,6.6,25000.0,"2025, June 02",Android 15,6.67,50,8,5200.0
Xiaomi 15S Pro,Xiaomi,8.1,117500.0,"2025, May 22",Android 15,6.73,50,1,6100.0
OnePlus Ace 5 Racing,OnePlus,8.1,48000.0,"2025, May 27",Android 15,6.77,50,12,7100.0
Vivo Y19s Pro,Vivo,6.6,15499.0,"2025, May 22",Android 15,6.68,50,4,6000.0
Xiaomi Civi 5 Pro,Xiaomi,8.4,70000.0,"2025, May 22",Android 15,6.55,50,4,6000.0
Alcatel 3 (2025),Alcatel,5.4,0.0,"2025, May 21",Android 15,6.52,8,1,5010.0
Alcatel V3 Ultra,Alcatel,6.4,30000.0,"2025, June 02",Android 14,6.8,108,6,5010.0
Infinix GT 30 Pro,Infinix,8.0,39999.0,"2025, May 28",Android 15,6.78,108,8,5500.0
Infinix XPAD GT,Infinix,7.0,50000.0,"2025, June 04",Android 15,13.0,13,5,10000.0
Meizu Note 22 Pro,Meizu,8.0,35000.0,"2025, May 20",,6.78,50,3,6200.0
Meizu Note 22 4G,Meizu,7.0,0.0,"2025, May 20",Android 15,6.78,108,8,5000.0
Vivo iQOO Neo10 Pro+ (China),Vivo,8.4,68000.0,"2025, May 20",Android 15,6.82,50,8,6800.0
Realme C71,Realme,7.0,14999.0,"2025, June 02",Android 15,6.67,50,4,6300.0
Huawei Nova 14 Ultra,Huawei,9.1,80000.0,"2025, May 19",HarmonyOS 5.0,6.81,50,0,5500.0
Huawei Nova 14 Pro,Huawei,9.0,60000.0,Not announced yet,HarmonyOS 4.2,6.76,50,0,5000.0
Huawei Nova 14,Huawei,7.9,50000.0,"2025, May 19",HarmonyOS 5.0,6.7,50,0,5500.0
Oppo A5,Oppo,7.4,30000.0,"2025, May 15",Android 15,6.67,50,4,6000.0
Walton ZENX 2,Walton,6.1,10999.0,"2025, May 23",Android 14,6.8,52,4,5000.0
Oppo Reno14 Pro,Oppo,8.6,65000.0,"2025, May 23",Android 15,6.83,50,12,6200.0
Oppo Reno14,Oppo,7.9,79990.0,"2025, May 23",Android 15,6.59,50,8,6000.0
Oppo A5 4G,Oppo,6.6,19990.0,"2025, May 15",Android 15,6.67,50,1,6000.0
Ulefone Armor 28 Pro,Ulefone,8.8,70000.0,"2025, May 12",Android 15,6.67,64,16,10600.0
Oppo A5x 4G,Oppo,6.8,13990.0,"2025, May 15",Android 15,6.67,32,1,6000.0
Meizu Note 16 Pro,Meizu,8.1,25000.0,"2025, May 16",,6.78,50,3,6200.0
Meizu Note 16,Meizu,7.0,15000.0,"2025, May 16",,6.78,50,8,6600.0
Sony Xperia 1 VII,Sony,9.6,160000.0,"2025, June 04",Android 15,6.5,48,8,5000.0
Samsung Galaxy S25 Edge,Samsung,8.6,100000.0,"2025, May 29",Android 15,6.7,200,8,3900.0
Vivo Y300 GT,Vivo,7.9,38000.0,"2025, May 09",Android 15,6.78,50,8,7620.0
Samsung Galaxy F56,Samsung,7.8,46000.0,"2025, May 14",Android 15,6.74,50,8,5000.0
Oscal Marine 2,Oscal,6.3,20000.0,"2025, May",Android 15,6.56,16,4,11000.0
Oscal Marine 1,Oscal,5.9,0.0,"2025, May",Android 15,6.56,16,4,5100.0
Blackview BL7000,Blackview,7.3,40000.0,"2025, May",Android 15,6.78,50,6,7500.0
Blackview BV7300,Blackview,6.8,0.0,"2025, May",Android 14,6.67,50,6,15000.0
Sharp Aquos wish5,Sharp,7.0,30000.0,"2025, June 26",Android 14,6.6,50,4,5000.0
Huawei Nova Y63,Huawei,6.6,30000.0,"2025, May 12",Android 12,6.75,50,4,6000.0
OnePlus Ace 5 Ultra,OnePlus,8.4,62000.0,"2025, May 27",Android 15,6.83,50,12,6700.0
TCL 60 XE NxtPaper,TCL,6.9,18000.0,"2025, May",Android 15,6.78,50,6,5010.0
Lava Yuva Star 2,Lava,5.9,10000.0,"2025, May 05",Android 14,6.75,13,4,5000.0
OnePlus 13s,OnePlus,8.8,76000.0,"2025, June 12",Android 15,6.32,50,8,5850.0
Motorola Edge 60s,Motorola,7.5,0.0,"2025, May",Android 15,6.67,50,12,5500.0
Realme C75,Realme,6.5,20000.0,"2025, May 08",Android 15,6.67,32,4,6000.0
TCL 60 NxtPaper 4G,TCL,6.9,30000.0,"2025, May",Android 15,6.8,108,8,5200.0
TCL 60 SE NxtPaper,TCL,6.9,25000.0,"2025, May",Android 15,6.7,50,8,5200.0
TCL 60,TCL,6.8,20000.0,"2025, May",Android 15,6.7,50,6,5200.0
Vivo Y19,Vivo,6.6,15000.0,"2025, May 01",Android 15,6.74,13,4,5500.0
ZTE Nubia Tablet Pro,ZTE,6.8,50000.0,"2025, April 28",Android 15,10.9,13,3,10100.0
Vivo iQOO Z10 Turbo Pro,Vivo,8.1,37000.0,"2025, April 28",Android 15,6.78,50,4,7000.0
Nothing CMF Phone 2 Pro,Nothing,7.6,26000.0,"2025, May 05",Android 15,6.77,50,8,5000.0
ZTE Nubia Z70S Ultra,ZTE,8.9,110000.0,"2025, April 28",Android 15,6.85,64,8,6600.0
Vivo iQOO Z10 Turbo,Vivo,7.6,33000.0,"2025, April 28",Android 15,6.78,50,12,7620.0
Benco V90i SE,Benco,5.8,0.0,"2025, April",Android 14,6.9,8,3,5000.0
Itel City 100,Itel,6.4,11990.0,"2025, April 27",Android 14,6.75,13,4,5200.0
Benco V90i,Benco,6.1,9499.0,"2025, April",Android 14,6.9,8,3,5000.0
Benco V92,Benco,6.5,0.0,"2025, April",Android 14,6.72,50,6,5000.0
Motorola Razr Ultra 2025,Motorola,7.9,160000.0,"2025, May 15",Android 15,7.0,50,8,4700.0
Realme 14T,Realme,7.1,31999.0,"2025, April 25",Android 15,6.67,50,8,6000.0
Honor X70i,Honor,6.9,25000.0,"2025, April 30",Android 15,6.7,108,8,6000.0
Walton NEXG N27,Walton,5.8,13949.0,"2025, April 27",Android 15,6.7,50,8,5000.0
Motorola Razr+ 2025,Motorola,7.5,125000.0,"2025, June 03",Android 15,6.9,50,3,4000.0
Motorola Razr 2025,Motorola,7.1,85000.0,"2025, May 15",Android 15,6.9,50,8,4500.0
Motorola Edge 60 Pro,Motorola,8.5,41000.0,"2025, April 30",Android 15,6.7,50,8,6000.0
Motorola Edge 60,Motorola,8.0,40000.0,"2025, April 25",Android 15,6.67,50,8,5500.0
Xiaomi Redmi Turbo 4 Pro,Xiaomi,8.6,36000.0,"2025, April 24",Android 15,6.83,50,4,7550.0
Motorola Razr 60 Ultra,Motorola,8.1,160000.0,"2025, April 25",Android 15,7.0,50,8,4700.0
Motorola Razr 60,Motorola,7.5,63000.0,"2025, April 25",Android 15,6.9,50,8,4500.0
Realme GT7 (China),Realme,8.1,64000.0,"2025, April 23",Android 15,6.8,50,12,7200.0
Huawei Enjoy 70X Energy,Huawei,6.5,25000.0,"2025, April",HarmonyOS 4.2,6.78,50,8,6100.0
Honor GT Pro,Honor,8.9,71000.0,"2025, April 23",Android 15,6.78,50,8,7200.0
Huawei Enjoy 80,Huawei,6.0,20000.0,"2025, April 26",HarmonyOS 4.0,6.67,50,8,6620.0
Vivo T4,Vivo,7.1,32000.0,"2025, April 29",Android 15,6.77,50,3,7300.0
Honor X60 GT,Honor,7.8,45000.0,"2025, April 22",Android 15,6.7,50,1,6300.0
Oppo K13,Oppo,7.5,26000.0,"2025, April 25",Android 15,6.67,50,4,7000.0
Vivo X200 Ultra,Vivo,9.5,116000.0,"2025, April 29",Android 15,6.82,200,8,6000.0
Vivo X200s,Vivo,8.5,85000.0,"2025, April 25",Android 15,6.67,50,12,6200.0
Itel A90,Itel,5.9,8990.0,"2025, April",Android 14,6.6,13,3,5000.0
Cubot KingKong Power 5,Cubot,7.3,20000.0,"2025, May 12",Android 15,6.88,64,6,15300.0
Symphony L137,Symphony,7.4,1390.0,2025 April,,2.4,0,0,2500.0
Symphony hero 30,Symphony,6.5,1170.0,"2025, April",,2.0,0,0,1200.0
Symphony Z72,Symphony,6.4,8999.0,"2025, April 20",Android 15,6.88,52,4,5000.0
Samsung Galaxy M56,Samsung,7.6,46000.0,"2025, April 17",Android 15,6.74,50,8,5000.0
ZTE nubia RedMagic 10 Air,ZTE,8.1,78000.0,"2025, April 16",Android 15,6.8,50,3,6000.0
Honor Power,Honor,7.5,50000.0,"2025, April 18",Android 15,6.78,50,3,8000.0
Samsung Galaxy XCover7 Pro,Samsung,7.1,90000.0,"2025, May 07",Android 15,6.6,50,3,4350.0
Vivo iQOO Z10,Vivo,7.1,35000.0,"2025, April 16",Android 15,6.77,50,3,7300.0
Vivo iQOO Z10x,Vivo,7.3,19000.0,"2025, April 22",Android 15,6.72,50,6,6500.0
Oppo Find X8s+,Oppo,9.1,0.0,"2025, April 16",Android 15,6.59,50,12,6000.0
Oppo Find X8s,Oppo,8.8,85000.0,"2025, April 16",Android 15,6.32,50,12,5700.0
Vivo V50e,Vivo,7.4,38000.0,"2025, April 17",Android 15,6.77,50,8,5600.0
Oppo Find X8 Ultra,Oppo,10.0,126000.0,"2025, April 16",Android 15,6.82,50,8,6100.0
Motorola Edge 60 Stylus,Motorola,7.6,33000.0,"2025, April 15",Android 15,6.7,50,2,5000.0
Realme Narzo 80 Pro,Realme,7.5,29000.0,"2025, April 09",Android 15,6.72,50,8,6000.0
Realme Narzo 80x,Realme,7.0,21000.0,"2025, April 11",Android 15,6.72,50,6,6000.0
Ulefone Armor X31,Ulefone,7.3,20000.0,"2025, April",Android 14,6.56,48,6,6050.0
Motorola Moto G Stylus 5G (2025),Motorola,7.5,50000.0,"2025, April 17",Android 15,6.7,50,3,5000.0
Infinix Note 50s,Infinix,7.3,27000.0,"2025, April 24",Android 15,6.78,64,8,5500.0
Xiaomi Poco C71,Xiaomi,6.6,15000.0,"2025, April 08",Android 15,6.88,32,4,5200.0
Honor Play 60,Honor,6.3,20000.0,"2025, April 03",Android 15,6.61,13,6,6000.0
Ulefone Armor X32 Pro,Ulefone,7.1,25000.0,"2025, April 14",Android 14,6.56,64,8,5500.0
Ulefone Armor X32,Ulefone,7.3,20000.0,"2025, April 14",Android 14,6.56,64,6,5500.0
Ulefone Armor 30 Pro,Ulefone,8.5,60000.0,"2025, April 03",Android 14,6.95,64,16,12800.0
Honor 400 Lite,Honor,7.6,32999.0,"2025, April 08",Android 15,6.7,108,8,5230.0
Doogee Note59 Pro+,Doogee,6.1,38000.0,"2025, May",Android 15,6.75,50,8,6250.0
Doogee Note59 Pro,Doogee,5.9,30000.0,"2025, April",Android 15,6.75,50,8,6250.0
Doogee Note 59,Doogee,5.6,28000.0,"2025, April",Android 15,6.75,16,8,6250.0
Doogee V Max S,Doogee,8.1,60000.0,"2025, May",Android 14,6.58,108,8,22000.0
Lava Bold,Lava,7.0,15000.0,"2025, April 08",Android 14,6.67,64,4,5000.0
Vivo Y300t,Vivo,7.1,20000.0,"2025, March 31",Android 15,6.72,50,8,6500.0
Vivo Y300 Pro+,Vivo,8.3,35000.0,"2025, April 03",Android 15,6.77,50,3,7300.0
Xiaomi Redmi 13X,Xiaomi,7.3,16000.0,"2025, March 28",Android 14,6.79,108,8,5030.0
Realme 14,Realme,7.6,41999.0,"2025, March 27",Android 15,6.67,50,4,6000.0
Infinix Note 50x,Infinix,7.6,21000.0,"2025, April",Android 15,6.67,50,6,5500.0
Xiaomi Poco F7 Ultra,Xiaomi,8.9,75000.0,"2025, March 27",Android 15,6.67,50,8,5300.0
Vivo Y39,Vivo,7.0,25000.0,"2025, March 27",Android 15,6.68,50,2,6500.0
Xiaomi Poco F7 Pro,Xiaomi,8.6,62000.0,"2025, March 27",Android 15,6.67,50,3,6000.0
Coolpad CP12 Neo,Coolpad,5.4,0.0,"2025, March 25",Android 14,6.56,13,1,5000.0
Lava Shark 4G,Lava,6.0,12000.0,"2025, March",Android 14,6.67,50,4,5000.0
Acer Acerone Liquid S272E4,Acer,5.1,0.0,"2025, May",Android 14,6.75,20,4,5000.0
Acer Acerone Liquid S162E4,Acer,5.5,0.0,"2025, May",Android 14,6.52,16,4,5000.0
Proton P25 Ultra,Proton Mobile,5.6,8500.0,"2025, March",Android 14,6.6,13,8,4300.0
Vivo V50 Lite,Vivo,7.3,28000.0,"2025, March 25",Android 15,6.77,50,8,6500.0
Infinix Note 50 Pro+,Infinix,8.9,54999.0,"2025, April",Android 15,6.78,50,12,5200.0
Huawei Pura X,Huawei,8.6,160000.0,"2025, March 20",HarmonyOS 5.0,6.3,50,12,4720.0
Oukitel WP300,Oukitel,7.9,55000.0,"2025, March 20",Android 15,6.8,108,12,16000.0
Realme P3 Ultra,Realme,8.0,38000.0,"2025, March 24",Android 15,6.83,50,8,6000.0
Google Pixel 9a,Google,8.6,69999.0,"2025, April 10",Android 15,6.3,48,4,5100.0
Doogee S200 Plus,Doogee,8.6,70000.0,"2025, March",Android 14,6.72,100,12,10100.0
Doogee Fire 6 Max,Doogee,8.3,40000.0,"2025, March",Android 14,6.72,50,8,20800.0
Helio 100,Helio,7.0,19999.0,"2025, March",Android 14,6.67,64,8,5000.0
Realme P3,Realme,7.8,24000.0,"2025, March 19",Android 15,6.67,50,4,6000.0
Oppo A5 Energy,Oppo,7.1,20000.0,"2025, March 21",Android 15,6.67,50,8,5800.0
Vivo V50 Lite 4G,Vivo,7.4,29999.0,"2025, March",Android 15,6.77,50,8,6500.0
Xiaomi Redmi A5 4G,Xiaomi,6.5,10999.0,"2025, March 21",Android 15,6.88,32,4,5200.0
Oukitel WP200 Pro,Oukitel,7.9,80000.0,"2025, March 15",Android 15,6.7,108,24,8800.0
Oukitel WP55 Pro,Oukitel,8.5,50000.0,"2025, March 15",Android 14,6.6,108,16,11000.0
Oukitel WP55,Oukitel,8.6,40000.0,"2025, March 15",Android 14,6.6,108,12,11000.0
Oppo A5 (China),Oppo,7.5,20000.0,"2025, March 26",Android 15,6.7,50,1,6500.0
Xiaomi Redmi Note 14S,Xiaomi,7.0,30000.0,"2025, March 14",Android 15,6.67,200,8,5000.0
Symphony Max 10,Symphony,5.0,6999.0,"2025, March 13",Android 14,6.56,5,1,5000.0
Walton ZENX 1T,Walton,6.0,12999.0,"2025, March 12",Android 14,6.6,52,8,5000.0
Oppo F29 Pro,Oppo,7.9,40000.0,"2025, April 01",Android 15,6.7,50,8,6000.0
Oppo F29,Oppo,7.3,35000.0,"2025, March 27",Android 15,6.7,50,1,6500.0
HTC Wildfire E5 Plus,HTC,6.3,15000.0,"2025, March 11",Android 14,6.75,50,6,5000.0
Samsung Galaxy F16,Samsung,7.1,21000.0,"2025, March 13",Android 15,6.7,50,4,5000.0
Motorola Edge 60 Fusion,Motorola,7.8,32000.0,"2025, April 09",Android 15,6.67,50,8,5200.0
Vivo Y29s,Vivo,6.9,0.0,"2025, April",Android 15,6.74,50,8,5500.0
Vivo iQOO Neo 10R,Vivo,7.9,36000.0,"2025, March 19",Android 15,6.78,50,3,6400.0
Vivo Y300i,Vivo,6.9,25000.0,"2025, March 14",Android 15,6.68,50,2,6500.0
Realme C75x,Realme,6.8,17999.0,"2025, March 08",Android 15,6.67,50,8,5600.0
ZTE nubia Neo 3,ZTE,7.1,25000.0,"2025, June",Android 15,6.8,50,8,6000.0
ZTE nubia Neo 3 GT,ZTE,7.0,35000.0,"2025, June",Android 15,6.8,50,12,6000.0
ZTE nubia Focus 2,ZTE,5.9,20000.0,"2025, June",Android 15,6.7,108,8,5000.0
ZTE nubia Focus 2 Ultra,ZTE,6.5,40000.0,"2025, June",Android 15,6.8,50,8,5000.0
Realme 14 Pro Lite,Realme,7.4,31500.0,"2025, March 05",Android 14,6.7,50,2,5200.0
Vivo T4x,Vivo,7.3,22000.0,"2025, March 12",Android 15,6.72,50,6,6500.0
Oppo A5 Pro 4G,Oppo,7.0,24990.0,"2025, March 17",Android 15,6.67,50,1,5800.0
Nothing Phone (3a) Pro,Nothing,7.6,39000.0,"2025, March 25",Android 15,6.77,50,3,5000.0
Nothing Phone (3a),Nothing,7.9,33500.0,"2025, March 11",Android 15,6.77,50,3,5000.0
Infinix Note 50 Pro 4G,Infinix,7.1,31999.0,"2025, March",Android 15,6.78,50,8,5200.0
Infinix Note 50 4G,Infinix,6.8,25999.0,"2025, March",Android 15,6.78,108,8,5200.0
Meizu mblu 22 Pro,Meizu,6.1,18000.0,"2025, May 20",Android 15,6.79,50,4,5000.0
Meizu mBlu 22,Meizu,5.4,12000.0,"2025, May 20",Android 15,6.79,13,3,5000.0
Meizu Note 22,Meizu,6.5,20000.0,"2025, May 20",,6.78,108,8,6600.0
Ulefone Armor 34 Pro,Ulefone,8.6,70000.0,"2025, June",Android 15,6.95,64,16,25500.0
TCL 605,TCL,6.4,16000.0,"2025, June",Android 15,6.7,50,8,5200.0
Tecno Camon 40 Premier,Tecno,9.1,0.0,"2025, May",Android 15,6.77,50,12,5100.0
Tecno Camon 40 Pro,Tecno,8.0,34999.0,"2025, May",Android 15,6.78,50,8,5200.0
Tecno Camon 40 Pro 4G,Tecno,7.5,27999.0,"2025, April",Android 15,6.78,50,8,5200.0
Tecno Camon 40,Tecno,7.4,23999.0,"2025, April",Android 15,6.78,50,8,5200.0
HMD 3210,HMD,7.0,0.0,"2025, April",,2.4,2,0,1450.0
HMD 2660 Flip,HMD,7.4,0.0,"2025, March",,2.8,3,0,
HMD 150 Music,HMD,6.6,5000.0,"2025, March",,2.4,1,0,2500.0
Nokia 150 Music,Nokia,7.0,0.0,"2025, March",,2.4,1,0,2500.0
HMD 130 Music,HMD,6.3,4000.0,"2025, March",,2.4,0,0,2500.0
Nokia 130 Music,Nokia,6.5,0.0,"2025, March",,2.4,0,0,2500.0
Itel Power 70,Itel,6.6,10990.0,"2025, March 10",Android 14,6.67,13,4,6000.0
TCL 60R,TCL,6.4,20000.0,"2025, May",Android 15,6.7,50,4,5200.0
Honor Magic V Flip2,Honor,7.4,0.0,"2025, August 21",Android 15,6.82,200,3,5500.0
Oukitel WP23 Plus,Oukitel,5.8,22000.0,"2025, February",Android 14,6.6,13,8,10600.0
Xiaomi 15 Ultra,Xiaomi,9.8,140000.0,"2025, February 27",Android 15,6.73,50,8,5410.0
Samsung Galaxy M06,Samsung,7.0,15000.0,"2025, March 07",Android 15,6.74,50,4,5000.0
Vivo Y04,Vivo,6.3,11999.0,"2025, March 11",Android 14,6.74,13,4,5500.0
Samsung Galaxy A36,Samsung,7.5,40999.0,"2025, March 10",Android 15,6.7,50,3,5000.0
Samsung Galaxy A26,Samsung,7.3,35999.0,"2025, March 21",Android 15,6.7,50,6,5000.0
Samsung Galaxy A56,Samsung,7.5,49999.0,"2025, March 10",Android 15,6.7,50,8,5000.0
Samsung Galaxy M16,Samsung,7.4,19000.0,"2025, March 05",Android 15,6.7,50,4,5000.0
Walton Orbit Y71,Walton,5.9,9399.0,"2025, February 26",Android 14 (Go Edition),6.6,8,8,5000.0
Oppo Reno13 FS,Oppo,7.6,60000.0,"2025, February 25",Android 15,6.67,50,1,5800.0
Realme Neo7x,Realme,7.3,25000.0,"2025, February 25",Android 15,6.67,50,4,6000.0
Oppo A5 Pro,Oppo,7.4,30000.0,"2025, March 10",Android 15,6.67,50,6,5800.0
Realme Neo7 SE,Realme,8.5,47000.0,"2025, February 25",Android 15,6.78,50,8,7000.0
Ulefone Armor 28 Ultra,Ulefone,9.3,0.0,"2025, March 17",Android 15,6.67,64,16,10600.0
Walton XANON X91,Walton,7.4,30999.0,"2025, February 28",Android 14,6.7,64,12,5000.0
Coolpad X100,Coolpad,6.3,25000.0,"2025, February",Android 14,6.78,108,8,5000.0
Apple iPhone 16e,Apple,8.5,104999.0,"2025, February 28",iOS 18.3.1,6.1,48,8,4005.0
Samsung Galaxy A06 5G,Samsung,7.0,15000.0,"2025, February 19",Android 15,6.7,50,4,5000.0
Oukitel WP100 Titan,Oukitel,9.0,110000.0,"2025, February 18",Android 14,6.8,200,16,33000.0
Realme P3 Pro,Realme,7.8,32000.0,"2025, February 25",Android 15,6.83,50,3,6000.0
Realme P3x,Realme,7.8,21000.0,"2025, February 28",Android 15,6.72,50,6,6000.0
Vivo Y29 4G,Vivo,6.3,19999.0,"2025, February 19",Android 15,6.68,50,6,6500.0
Umidigi Note 100 5G,Umidigi,6.1,20000.0,"2025, February",Android 14,6.8,50,6,5000.0
Umidigi Note 100A,Umidigi,5.6,20000.0,"2025, February",Android 14,6.8,13,4,5000.0
Realme GT7 Pro Racing,Realme,8.0,60000.0,"2025, February 13",Android 15,6.78,50,8,6500.0
Samsung Galaxy F06 5G,Samsung,7.0,15000.0,"2025, February 20",Android 15,6.7,50,4,5000.0
HMD Aura 2,HMD,5.8,15000.0,"2025, March 13",Android 14,6.52,13,4,5000.0
Oukitel WP39 Pro,Oukitel,8.3,50000.0,"2025, March 15",Android 14,6.6,64,12,11000.0
Oukitel WP35 Pro,Oukitel,8.0,75000.0,"2025, March 15",Android 14,6.6,64,6,11000.0
Asus Zenfone 12 Ultra,Asus,9.0,130000.0,"2025, February 28",Android 15,6.78,50,8,5500.0
Asus ROG Phone 9 FE,Asus,9.1,110000.0,"2025, February 04",Android 15,6.78,50,3,5500.0
Doogee Blade GT Ultra,Doogee,8.0,80000.0,"2025, February",Android 14,6.72,100,16,5500.0
Xiaomi Poco M7,Xiaomi,7.3,17000.0,"2025, March 07",Android 14,6.88,50,2,5160.0
ZTE Blade V70 Max,ZTE,5.9,0.0,"2025, February 15",Android 15,6.9,50,6,6000.0
Itel Flip 1,Itel,7.0,3000.0,"2025, February 01",,2.4,0,0,
Lava Yuva Smart,Lava,5.8,10000.0,"2025, January",Android 14,6.56,13,3,5000.0
Realme 14x,Realme,7.1,21000.0,"2025, January 24",Android 15,6.67,50,8,5000.0
Oscal Pilot 1,Oscal,7.0,20000.0,"2025, January",Android 14,6.67,50,6,15000.0
Oscal Flat 2C,Oscal,5.3,0.0,"2025, January",Android 14,6.56,13,2,5000.0
Oscal Flat 2,Oscal,6.0,12000.0,"2025, January",Android 14,6.56,13,4,5000.0
Vivo Y200 4G,Vivo,6.6,30000.0,"2025, January",Android 14,6.67,50,8,5000.0
Sonim XP400,Sonim,6.8,45000.0,"2025, January 22",Android 14,6.5,50,2,5000.0
Samsung Galaxy S25 Ultra,Samsung,10.0,199999.0,"2025, February 03",Android 15,6.9,200,8,5000.0
Samsung Galaxy S25+,Samsung,8.9,139999.0,"2025, February 03",Android 15,6.7,50,8,4900.0
Doogee S119,Doogee,7.4,40000.0,"2025, January",Android 14,6.72,100,8,10200.0
Samsung Galaxy S25,Samsung,7.6,72000.0,"2025, February 03",Android 15,6.2,50,8,4000.0
Doogee S118 Pro,Doogee,8.0,30000.0,"2025, January",Android 14,6.58,108,8,10800.0
Realme 14 Pro,Realme,7.8,33000.0,"2025, January 23",Android 15,6.77,50,8,6000.0
ZTE Nubia Flip2,ZTE,7.4,0.0,"2025, June",Android 14,6.9,50,6,4325.0
Motorola Moto G (2025),Motorola,7.1,25000.0,"2025, January 30",Android 15,6.7,50,4,5000.0
Honor X8c,Honor,6.9,29999.0,"2025, January 20",Android 15,6.7,108,6,5000.0
Motorola Moto G Power (2025),Motorola,7.4,40000.0,"2025, February 06",Android 15,6.8,50,8,5000.0
Honor 400 Pro,Honor,9.1,79999.0,"2025, May 23",Android 15,6.7,200,3,5300.0
Honor 400,Honor,7.5,59999.0,"2025, May 23",Android 15,6.55,200,3,5300.0
Thuraya One,Thuraya,7.4,150000.0,"2025, January",Android 14,6.67,50,6,
Xiaomi Redmi Note 14 Pro+ 5G,Xiaomi,8.1,31000.0,"2025, January 15",Android 14,6.67,200,3,5110.0
Xiaomi Redmi Note 14 Pro 5G,Xiaomi,8.3,28000.0,"2025, January 15",Android 14,6.67,200,8,5110.0
Xiaomi Redmi Note 14 Pro 4G,Xiaomi,7.5,29999.0,"2025, January 16",Android 14,6.67,200,8,5500.0
Xiaomi Redmi Note 14 5G,Xiaomi,7.5,27000.0,"2025, January 16",Android 14,6.67,108,6,5110.0
Xiaomi Redmi Note 14 4G,Xiaomi,7.3,20999.0,"2025, January 14",Android 14,6.67,108,6,5500.0
Itel Zeno 10,Itel,6.1,10000.0,"2025, January 10",Android 14,6.6,8,3,5000.0
Xiaomi Poco X7 Pro,Xiaomi,8.3,34000.0,"2025, January 09",Android 15,6.67,50,8,6550.0
Xiaomi Poco X7,Xiaomi,7.8,25000.0,"2025, January 09",Android 15,6.67,50,8,5110.0
OnePlus 13T,OnePlus,8.8,65000.0,"2025, April 30",Android 15,6.32,50,8,6260.0
ZTE nubia Music 2,ZTE,6.5,15000.0,"2025, January 07",Android 14,6.7,50,4,5000.0
OnePlus 13R,OnePlus,8.3,56000.0,"2025, January 14",Android 15,6.78,50,3,6000.0
Oppo Reno13 F 4G,Oppo,6.8,30990.0,"2025, January 10",Android 15,6.67,50,8,5800.0
Tecno Spark Go 1S,Tecno,6.0,10000.0,"2025, January",Android 14,6.67,13,3,5000.0
Oppo Reno13 F,Oppo,7.5,0.0,"2025, January 11",Android 15,6.67,50,1,5800.0
Huawei Nova Y72S,Huawei,6.3,20000.0,"2025, April",Android 12,6.75,50,4,6000.0
Xiaomi Redmi 14C 5G,Xiaomi,7.0,20000.0,"2025, January 10",Android 14,6.88,50,2,5160.0
Huawei Enjoy 70X,Huawei,7.4,0.0,"2025, January 13",HarmonyOS 4.2,6.78,50,8000,6100.0
Vivo iQOO Z9 Turbo Endurance,Vivo,8.3,30000.0,"2025, January 03",Android 15,6.78,50,3,6400.0
HMD Key,HMD,5.6,10000.0,"2025, February",Android 14,6.52,8,2,4000.0
Vivo Y200+,Vivo,6.5,18000.0,2025 January 02,Android 14,6.68,50,2,6000.0
Xiaomi Redmi Turbo 4,Xiaomi,8.8,33000.0,"2025, January 02",Android 15,6.67,50,12,6550.0
Honor Magic7 Lite,Honor,7.4,50000.0,"2025, January 02",Android 14,6.78,108,1,6600.0
Blackview BV8200,Blackview,7.6,30000.0,"2024, December 31",Android 14,6.5,50,12,8800.0
Xiaomi Redmi 14C (China),Xiaomi,6.5,15000.0,"2025, January 29",Android 14,6.88,13,4,5160.0
Lava Yuva 2 5G,Lava,6.6,15000.0,"2025, January",Android 14,6.67,50,4,5000.0
OnePlus Ace 5 Pro,OnePlus,8.9,65000.0,"2024, December 31",Android 15,6.78,50,8,6100.0
OnePlus Ace 5,OnePlus,8.1,46000.0,"2024, December 26",Android 15,6.78,50,3,6415.0
Walton NEXG N10 Ultra,Walton,6.5,17208.0,"2024, December",Android 14,6.7,50,12,5000.0
Oppo A5 Pro (China),Oppo,7.6,35000.0,"2024, December 27",Android 15,6.7,50,8,6000.0
Vivo Y29,Vivo,6.4,20000.0,"2024, December 24",Android 14,6.68,50,4,5500.0
Honor Magic7 RSR Porsche Design,Honor,10.0,220000.0,"2024, December 24",Android 15,6.8,180,8,5850.0
Ulefone Armor X31 Pro,Ulefone,7.4,25000.0,"2025, January 01",Android 14,6.56,64,8,6050.0
Nokia 110 4G 2nd Edition,Nokia,6.6,10000.0,"2024, December",,1.8,1,0,1450.0
Nokia 105 4G 2nd Edition,Nokia,6.4,8000.0,"2024, December",,1.8,0,0,1450.0
Doogee Fire 6 Power,Doogee,7.0,40000.0,"2024, December",Android 14,6.56,50,8,15500.0
Doogee Fire 6,Doogee,6.3,42000.0,"2024, December",Android 14,6.56,50,6,10400.0
Doogee S200X,Doogee,8.3,55000.0,"2024, December",Android 14,6.72,100,12,10100.0
Doogee V40,Doogee,7.6,65000.0,"2024, December",Android 14,6.78,108,12,8680.0
HMD Arc,HMD,6.0,0.0,"2025, January",Android 14,6.52,13,4,5000.0
Infinix Smart 9 HD,Infinix,6.1,9999.0,"2024, December 18",Android 14,6.7,13,3,5000.0
Coolpad Cool 40i,Coolpad,6.0,0.0,"2024, December",Android 14,6.56,50,4,4500.0
Realme 14x (India),Realme,7.1,22000.0,"2024, December 22",Android 14,6.67,50,6,6000.0
Motorola Moto E15,Motorola,5.8,15000.0,"2025, January 22",Android 14,6.67,32,2,5200.0
Motorola Moto G15 Power,Motorola,6.6,25000.0,"2025, February 12",Android 15,6.72,50,4,6000.0
Proton X10 Pro,Proton Mobile,6.5,10800.0,"2024, December",Android 14,6.6,52,8,5050.0
Xiaomi Poco C75 5G,Xiaomi,7.1,14000.0,"2024, December 20",Android 14,6.88,50,2,5160.0
Honor GT,Honor,8.3,40000.0,"2024, December 17",Android 15,6.7,50,3,5300.0
Motorola Moto G15,Motorola,6.8,20000.0,"2025, February 12",Android 15,6.72,50,4,5200.0
Motorola Moto G05,Motorola,6.1,12500.0,"2025, January 13",Android 15,6.67,50,4,5200.0
Xiaomi Poco M7 Pro 5G,Xiaomi,7.5,21500.0,"2024, December 20",Android 14,6.67,50,6,5110.0
Vivo Y200 (Asia),Vivo,7.1,35000.0,"2025, January",Android 14,6.67,50,2,5000.0
Vivo Y300 (China),Vivo,7.0,35000.0,"2024, December 16",Android 15,6.77,50,8,6500.0
Huawei nova 13i,Huawei,6.6,30000.0,"2025, January",EMUI 14.2,6.7,108,4,5000.0
Umidigi G100,Umidigi,6.8,18000.0,"2024, December 28",Android 14,6.9,50,6,6000.0
Umidigi G100A,Umidigi,5.9,15000.0,"2024, December 27",Android 14,6.9,13,4,6000.0
Walton ZENX 1,Walton,6.3,11441.0,"2024, December 18",Android 14,6.6,52,8,5000.0
Blackview BV4800 Pro,Blackview,6.5,20000.0,"2024, December",Android 14,6.56,16,4,5180.0
Realme Neo7,Realme,8.4,39000.0,"2024, December 11",Android 15,6.78,50,12,7000.0
Lava Blaze Duo,Lava,7.4,25000.0,"2024, December 20",Android 14,6.67,64,6,5000.0
Xiaomi Redmi Note 14 5G (India),Xiaomi,7.6,22500.0,"2024, December 13",Android 14,6.67,50,8,5110.0
Realme Note 60x,Realme,6.0,10999.0,"2024, December 09",Android 14,6.74,8,4,5000.0
Philips S6210 Essence 10,Philips,5.6,12000.0,"2024, Q4",Android 14,6.56,13,3,5000.0
Philips S6310 Essence 20,Philips,5.6,15000.0,"2024, Q4",Android 14,6.56,50,4,5000.0
Philips S7710 Omni 10,Philips,6.5,18000.0,"2024, Q4",Android 13,6.6,108,8,5000.0
ZTE Blade A33s,ZTE,4.9,0.0,"2023, November",Android 12,6.3,8,2,4000.0
Honor X9c Smart,Honor,7.3,23999.0,"2024, December 08",Android 14,6.8,108,8,5800.0
Symphony S75,Symphony,6.6,1799.0,"2024, December",,3.0,0,0,2950.0
Tecno Megapad 11,Tecno,6.5,25000.0,"Exp. release 2024, December",Android 14,11.0,13,8,8000.0
Symphony S72,Symphony,6.3,1899.0,"2024, December",,2.4,0,0,1500.0
Symphony EVO 10,Symphony,7.8,2250.0,"2024, December",,2.4,0,0,1500.0
Symphony BL125,Symphony,6.4,1250.0,"2024, December",,2.0,0,0,2500.0
Symphony T94,Symphony,6.3,1550.0,"2024, December",,2.8,0,0,1850.0
Honor 300 Pro,Honor,8.5,65000.0,"2024, December 07",Android 15,6.78,50,3,5300.0
Honor 300,Honor,7.8,35000.0,"2024, December 02",Android 15,6.7,50,3,5300.0
Honor 300 Ultra,Honor,8.8,80000.0,"2024, December 07",Android 15,6.78,50,3,5300.0
Coolpad C16s,Coolpad,6.8,12000.0,"2024, November",Android 14,6.75,50,4,5000.0
Cubot KingKong Ace 2,Cubot,7.0,18000.0,2024,Android 14,6.56,48,6,5100.0
Cubot A30,Cubot,6.4,0.0,"2024,",Android 14,6.75,48,6,5100.0
Vivo iQOO Neo10 Pro (China),Vivo,8.9,62000.0,"2024, November 29",Android 15,6.78,50,12,6100.0
Vivo iQOO Neo10 (China),Vivo,8.3,38000.0,"2024, November 29",Android 15,6.78,50,3,6100.0
Realme V60 Pro,Realme,7.0,30000.0,"2024, November 28",Android 14,6.67,50,12,5600.0
Lava Yuva 4,Lava,6.5,12000.0,"2024, November",Android 14,6.56,50,4,5000.0
Vivo S20 Pro,Vivo,8.5,60000.0,"2024, December 12",Android 15,6.67,50,12,5500.0
Vivo S20,Vivo,8.0,45000.0,"2024, December 06",Android 15,6.67,50,3,6500.0
Walton XANON X21,Walton,7.0,22856.0,"Exp. 2024, November",Android 14,6.8,64,16,5000.0
Meizu mBlu 21,Meizu,6.5,15000.0,"2024, November",Android 14,6.79,13,4,4900.0
Xiaomi Redmi K80 Pro,Xiaomi,9.4,73000.0,"2024, November 27",Android 15,6.67,50,8,6000.0
Xiaomi Redmi K80,Xiaomi,8.8,38000.0,"2024, November 27",Android 15,6.67,50,3,6550.0
Realme C75 4G,Realme,7.4,19999.0,"2024, December 01",Android 14,6.72,50,6,6000.0
Huawei Mate 70 RS Ultimate,Huawei,9.8,200000.0,"2024, December",HarmonyOS 4.3,6.9,50,16,5700.0
Huawei Mate 70 Pro+,Huawei,9.9,220000.0,"2024, November 26",HarmonyOS 4.3,6.9,50,16,5700.0
Huawei Mate 70 Pro,Huawei,9.4,195000.0,"2024, November 26",HarmonyOS 4.3,6.9,50,12,5500.0
Huawei Mate 70,Huawei,8.6,95000.0,"2024, November 26",HarmonyOS 4.3,6.7,50,12,5300.0
Huawei Mate X6,Huawei,9.4,220000.0,"2024, December 19",HarmonyOS 4.3,7.93,50,12,5110.0
Oppo Reno13 Pro,Oppo,8.6,65000.0,"2024, November 29",Android 15,6.83,50,12,5800.0
Oppo Reno13,Oppo,8.0,69990.0,"2024, November 29",Android 15,6.59,50,8,5600.0
Tecno Pop 9 4G,Tecno,5.5,10000.0,"2024, November 26",Android 14,6.67,13,3,5000.0
Blackview Wave 8C,Blackview,5.4,10000.0,"2024, November",Android 14,6.56,13,2,5000.0
Blackview Wave 8,Blackview,5.8,12000.0,"2024, November",Android 14,6.56,13,4,5000.0
ZTE Blade V70 Design,ZTE,6.4,11999.0,"2024, November 28",Android 14,6.7,50,4,5000.0
Sonim XP Pro,Sonim,5.0,70000.0,"2024, November 21",Android 14,6.58,50,3,5000.0
Vivo Y300,Vivo,7.1,35000.0,"2024, November 26",Android 14,6.67,50,2,5000.0
Honor Play9A,Honor,5.3,15000.0,"2024, November",Android 14,6.56,13,4,5200.0
Asus ROG Phone 9 Pro,Asus,9.8,145000.0,"2024, November 20",Android 15,6.78,50,8,5800.0
Asus ROG Phone 9,Asus,8.9,135000.0,"2024, November 20",Android 15,6.78,50,8,5800.0
Vivo V50,Vivo,7.6,62999.0,"2025, February 25",Android 15,6.77,50,3,6000.0
ZTE Blade V70,ZTE,6.8,0.0,"2025, January",Android 14,6.7,108,8,5000.0
ZTE nubia Red Magic 10 Pro+,ZTE,9.5,125000.0,"2024, November 18",Android 15,6.85,50,8,7050.0
ZTE nubia Red Magic 10 Pro,ZTE,9.0,105000.0,"2024, November 18",Android 15,6.85,50,8,7050.0
Vivo Y18t,Vivo,5.9,15000.0,"2024, November 12",Android 14,6.56,50,4,5000.0
Itel S25 Ultra,Itel,7.6,17990.0,"2024, November",Android 14,6.78,50,8,5000.0
Itel S25,Itel,7.6,13990.0,"2024, November",Android 14,6.78,50,6,5000.0
Sharp Aquos sense9,Sharp,8.4,45000.0,"2024, November 07",Android 14,6.1,50,2,5000.0
Honor X9c,Honor,7.9,44999.0,"2024, November 15",Android 14,6.78,108,1,6600.0
Oukitel C58 Pro,Oukitel,6.4,25000.0,"2024, November",Android 14,6.7,50,6,5150.0
Oukitel C58,Oukitel,6.1,20000.0,"2024, November",Android 14,6.7,13,4,5150.0
Oukitel P1,Oukitel,7.0,25000.0,"2024, November",Android 14,6.7,50,4,5150.0
Ulefone Armor 27T,Ulefone,7.8,40000.0,"2024, November",Android 14,6.78,64,12,10600.0
Ulefone Note 18 Pro,Ulefone,6.6,0.0,"2024, November",Android 14,6.78,64,6,5450.0
Ulefone Armor 27,Ulefone,7.5,35000.0,"2024, November",Android 14,6.78,64,12,10600.0
Realme GT7 Pro,Realme,9.1,78000.0,"2024, November 04",Android 15,6.78,50,8,6500.0
Vivo V40 Lite 4G,Vivo,6.8,26999.0,"2024, November 05",Android 14,6.67,50,2,5000.0
Cubot KingKong X Pro,Cubot,8.1,40000.0,"2024, November",Android 14,6.72,100,12,10200.0
Nokia 125 4G (2024),Nokia,7.1,0.0,"2024, November",,2.0,1,0,1000.0
Nokia 108 4G (2024),Nokia,7.0,0.0,"2024, November",,2.0,1,0,1000.0
OnePlus 13,OnePlus,9.0,90000.0,"2024, November 01",Android 15,6.82,50,8,6000.0
Honor Magic7 Pro,Honor,9.8,108000.0,"2024, November 08",Android 15,6.8,200,8,5850.0
Vivo iQOO 13,Vivo,9.0,70000.0,"2024, November 08",Android 15,6.82,50,8,6150.0
Honor Magic7,Honor,8.9,100000.0,"2024, November 08",Android 15,6.78,50,8,5650.0
Sharp Aquos R9 Pro,Sharp,9.0,150000.0,"2025, February",Android 14,6.7,50,3,5000.0
Xiaomi 15 Pro,Xiaomi,10.0,105000.0,"2024, October 29",Android 15,6.73,50,8,6100.0
Xiaomi 15,Xiaomi,9.1,85000.0,"2024, October 29",Android 15,6.36,50,8,5240.0
Nokia 110 4G (2024),Nokia,6.9,0.0,"Exp. release 2024, November",,2.0,1,0,1000.0
Xiaomi Poco C75,Xiaomi,7.0,20000.0,"2024, November 05",Android 14,6.88,50,6,5160.0
Sonim XP100,Sonim,6.9,15000.0,"2024, October 24",,2.4,2,0,1800.0
Oppo Find X8 Pro,Oppo,9.1,96000.0,"2024, October 30",Android 15,6.78,50,12,5910.0
Oppo Find X8,Oppo,9.0,80000.0,"2024, October 30",Android 15,6.59,50,12,5630.0
Huawei Nova 13 Pro,Huawei,8.6,65000.0,"2024, October 25",HarmonyOS 4.2,6.76,50,0,5000.0
Huawei Nova 13,Huawei,7.9,50000.0,"2024, October 25",HarmonyOS 4.2,6.7,50,0,5000.0
Honor X5b Plus,Honor,6.3,10999.0,"2024, October",Android 14,6.56,50,4,5200.0
Honor X5b,Honor,5.8,9999.0,"2024, October",Android 14,6.56,13,4,5200.0
Blackview Shark 9,Blackview,7.1,0.0,"2024, November",Android 14,6.67,50,8,5000.0
Samsung Galaxy Z Fold Special,Samsung,9.1,250000.0,"2024, October 24",Android 14,8.0,200,3,4400.0
Oscal Tiger 13,Oscal,7.1,18000.0,"2024, October 21",Android 14,6.67,50,8,5000.0
Infinix Hot 50 Pro+ 4G,Infinix,7.9,22999.0,"2024, November",Android 14,6.78,50,8,5000.0
Infinix Hot 50 Pro 4G,Infinix,7.3,18999.0,"2024, October 27",Android 14,6.78,50,8,5000.0
Honor X7c 4G,Honor,7.0,22999.0,"2024, October 18",Android 14,6.77,108,6,6000.0
Xiaomi Redmi A4,Xiaomi,6.9,15000.0,"2024, November 27",Android 14,6.88,50,2,5160.0
Oukitel C57 Pro,Oukitel,5.4,20000.0,"2024, October",Android 14,6.52,13,4,4300.0
Honor X60 Pro,Honor,8.0,30000.0,"2024, October 25",Android 14,6.8,108,1,6600.0
Honor X60,Honor,6.5,25000.0,"2024, October 25",Android 14,6.8,108,8,5800.0
Vivo Y300 Plus,Vivo,7.4,35000.0,"2024, October 16",Android 14,6.78,50,5,5000.0
Realme P1 Speed,Realme,7.1,26000.0,"2024, October 20",Android 14,6.67,50,8,5000.0
Vivo Y19s,Vivo,5.9,14999.0,"2024, October 19",Android 14,6.68,50,4,5500.0
Tecno Megapad,Tecno,6.8,0.0,"2024, November",Android 14,10.1,13,4,7000.0
Xiaomi Redmi A3 Pro,Xiaomi,6.1,15000.0,"2024, October",Android 14,6.88,50,4,5160.0
Vivo X200 Pro mini,Vivo,8.5,78000.0,"2024, October 25",Android 15,6.31,200,12,5700.0
Vivo X200 Pro,Vivo,9.1,90000.0,"2024, October 19",Android 15,6.78,200,12,6000.0
Vivo X200,Vivo,8.8,139999.0,"2024, October 19",Android 15,6.67,50,12,5800.0
Oppo K12 Plus,Oppo,7.6,35000.0,"2024, October 15",Android 14,6.7,50,3,6400.0
TCL Flip 3,TCL,7.6,12000.0,2024,KaiOS 3.1,3.2,5,1,1850.0
TCL Flip 2,TCL,7.1,10000.0,2024,,2.8,2,1,1850.0
TCL Classic,TCL,6.6,10000.0,2024,,2.8,2,0,1850.0
TCL Flip,TCL,7.5,12000.0,2024,KaiOS 3.0,2.8,2,0,1850.0
Tecno Camon 30S,Tecno,7.0,24999.0,"2024, October 10",Android 14,6.78,50,6,5000.0
Oukitel WP36 Pro,Oukitel,6.1,30000.0,"2024, November",Android 14,6.52,13,6,10600.0
Doogee V40 Pro,Doogee,8.6,70000.0,"2024, September 25",Android 14,6.78,200,16,8680.0
Samsung Galaxy A16 5G,Samsung,7.4,23999.0,"2024, October 25",Android 14,6.7,50,4,5000.0
Lava Agni 3,Lava,7.5,35000.0,"2024, October 09",Android 14,6.78,50,8,5000.0
Doogee S200,Doogee,9.0,50000.0,"2024, September",Android 14,6.72,100,12,10100.0
Doogee Blade10 Max,Doogee,7.3,40000.0,"Exp. release 2024, October 30",Android 14,6.56,50,8,10300.0
Doogee Blade10 Ultra,Doogee,6.5,35000.0,"2024, September",Android 14,6.56,50,8,5150.0
Doogee Blade10 Pro,Doogee,6.0,30000.0,"2024, September",Android 14,6.56,16,6,5150.0
Doogee Blade10,Doogee,5.5,25000.0,"2024, September",Android 14,6.56,16,4,5150.0
Doogee S Cyber,Doogee,7.1,40000.0,"2024, June",Android 14,6.58,50,8,10800.0
Doogee S Punk,Doogee,7.5,40000.0,"2024, June",Android 14,6.58,50,6,10800.0
Doogee S118,Doogee,7.8,45000.0,"2024, June",Android 14,6.58,50,8,10800.0
Walton NEXG N74,Walton,6.5,13445.0,"2024, October",Android 14,6.8,52,8,5000.0
Tecno Spark 30C 5G,Tecno,7.1,0.0,"2024, October",Android 14,6.67,48,4,5000.0
Tecno Spark 30 5G,Tecno,7.3,0.0,"2024, October",Android 14,6.67,108,6,5000.0
Doogee V Max Plus,Doogee,8.8,70000.0,"2024, August",Android 14,6.58,200,16,22000.0
Doogee S41 Max,Doogee,6.6,35000.0,"2023, December",Android 13,5.5,13,6,6300.0
Doogee S41 Plus,Doogee,6.5,20000.0,"2023, December",Android 13,5.5,13,4,6300.0
Doogee S41T,Doogee,6.0,30000.0,"2023, December",Android 13,5.5,13,4,6300.0
ZTE Blade V60,ZTE,6.3,15000.0,"2024, October",Android 13,6.72,50,6,5000.0
ZTE Blade A55,ZTE,5.4,9199.0,"2024, July",Android 14,6.75,13,1,5000.0
ZTE Blade V60 Design,ZTE,6.1,15000.0,"2024, June",Android 13,6.6,50,4,5000.0
ZTE Blade A75 4G,ZTE,6.3,15000.0,"2024, July",Android 13,6.6,50,4,5000.0
ZTE Blade A75,ZTE,6.4,20000.0,"2024, September",Android 13,6.6,50,4,5000.0
Motorola ThinkPhone 25,Motorola,7.5,70000.0,"2024, November 11",Android 14,6.36,50,8,4310.0
Motorola Moto G75,Motorola,7.1,30000.0,"2024, October 28",Android 14,6.78,50,3,5000.0
Cubot A20,Cubot,5.8,0.0,"2024, September",Android 14,6.75,48,4,5100.0
Cubot KingKong Power 3,Cubot,7.4,20000.0,"2024, October",Android 14,6.72,100,12,10200.0
Cubot KingKong Star 2,Cubot,7.8,30000.0,"2024, October",Android 14,6.72,100,12,5100.0
Infinix Hot 50 4G,Infinix,6.4,15999.0,"2024, October 29",Android 14,6.78,50,6,5000.0
Meizu Lucky 08,Meizu,7.5,40000.0,"2024, September 27",,6.78,108,2,6000.0
Honor Play9C,Honor,6.3,15000.0,"2024, September 26",Android 14,6.56,13,6,5200.0
Xiaomi Redmi Note 14 Pro+ 5G (India),Xiaomi,9.0,40000.0,"2024, September 26",Android 14,6.67,50,3,6200.0
Xiaomi Redmi Note 14 Pro 5G (India),Xiaomi,8.3,30000.0,"2024, September 26",Android 14,6.67,50,8,5500.0
Xiaomi Redmi Note 14 (China),Xiaomi,8.1,26000.0,"2024, September 26",Android 14,6.67,50,8,5110.0
Xiaomi 14T Pro,Xiaomi,9.3,82000.0,"2024, September 26",Android 14,6.67,50,12,5500.0
Xiaomi 14T,Xiaomi,8.1,52000.0,"2024, September 26",Android 14,6.67,50,12,5500.0
Samsung Galaxy S24 FE,Samsung,8.3,99999.0,"2024, October 03",Android 14,6.7,50,8,4700.0
Vivo V40 Lite 4G (IDN),Vivo,7.0,25000.0,"2024, September 25",Android 14,6.67,50,8,5000.0
Vivo V40 Lite (IDN),Vivo,6.9,30000.0,"2024, September 25",Android 14,6.67,50,2,5000.0
Vivo V40e,Vivo,7.4,37000.0,"2024, October 02",Android 14,6.77,50,8,5500.0
Tecno Pop 9,Tecno,7.8,15000.0,"2024, October 08",Android 14,6.6,48,4,5000.0
Samsung Galaxy M55s,Samsung,7.5,29000.0,"2024, September 26",Android 14,6.7,50,1,5000.0
Vivo iQOO Z9 Turbo+,Vivo,8.3,42000.0,"2024, September 24",Android 14,6.78,50,12,6400.0
Tecno Spark 30 Pro,Tecno,6.9,19999.0,"2024, October",Android 14,6.78,108,8,5000.0
ZTE Blade A35,ZTE,5.8,7999.0,"2024, October",Android 14,6.75,8,1,5000.0
Oukitel WP35 S,Oukitel,7.0,30000.0,"2024, September",Android 14,6.56,50,6,11000.0
Tecno Spark 30,Tecno,7.4,14999.0,"2024, October",Android 14,6.78,64,4,5000.0
Infinix Hot 50i,Infinix,6.5,13999.0,"2024, September",Android 14,6.7,48,4,5000.0
Helio 90,Helio,7.4,16999.0,"2024, October",Android 14,6.7,64,8,5000.0
Walton NEXG N26,Walton,7.1,14999.0,"2024, October 02",Android 14,6.6,50,8,5000.0
Doogee V Max Pro,Doogee,8.0,70000.0,"2024, October 20",Android 14,6.58,108,12,22000.0
Coolpad C16,Coolpad,6.0,0.0,"2024, September",Android 14,6.75,50,4,5000.0
Ulefone Note 19,Ulefone,6.1,15000.0,"2024, September",Android 14,6.56,8,3,5000.0
Ulefone Note 20 Pro,Ulefone,6.1,20000.0,"2024, September",Android 14,6.75,50,4,6000.0
Ulefone Armor Mini 20 Pro,Ulefone,7.1,50000.0,"2024, September",Android 14,4.7,50,8,6200.0
Infinix Smart 9,Infinix,6.4,9999.0,"2024, September 19",Android 14,6.7,13,3,5000.0
Infinix Zero Flip,Infinix,7.5,80000.0,"2024, October",Android 14,6.9,50,8,4720.0
Samsung Galaxy F05,Samsung,5.8,11000.0,"2024, September 20",Android 14,6.7,50,4,5000.0
Itel A80,Itel,6.4,9990.0,"2024, September",Android 14,6.7,50,3,5000.0
Lava Blaze 3 5G,Lava,6.8,15000.0,"2024, September 18",Android 14,6.56,50,6,5000.0
Xiaomi Redmi 14R,Xiaomi,7.1,20000.0,"2024, September",Android 14,6.88,13,2,5160.0
HMD 105 4G,HMD,7.5,4000.0,"2024, September 22",,2.4,0,0,1450.0
HMD 110 4G,HMD,7.9,0.0,"2024, September 22",,2.4,1,0,1450.0
Meizu Note 21 Pro,Meizu,6.5,0.0,"2024, October",,6.78,64,8,5000.0
Meizu Note 21,Meizu,5.8,0.0,"2024, October",,6.74,50,8,6000.0
Tecno Phantom V Flip2,Tecno,7.8,0.0,"2024, September",Android 14,6.9,50,8,4720.0
Tecno Phantom V Fold2,Tecno,8.0,139999.0,"2024, October",Android 14,7.85,50,12,5750.0
Realme P2 Pro,Realme,8.1,29000.0,"2024, September 17",Android 14,6.7,50,2,5200.0
Tecno Pova 6 Neo 5G,Tecno,7.3,20000.0,"2024, September 14",Android 14,6.67,108,6,5000.0
Umidigi G9T,Umidigi,5.5,10990.0,"2024, September",Android 14,6.75,13,4,5000.0
Umidigi G9C,Umidigi,6.3,12990.0,"2024, September",Android 14,6.75,50,6,5000.0
Umidigi G9A,Umidigi,5.5,8990.0,"2024, September",Android 14,6.75,13,4,5000.0
Samsung Galaxy M05,Samsung,5.5,11000.0,"2024, September 10",Android 14,6.7,50,4,5000.0
Vivo T3 Ultra,Vivo,8.5,46000.0,"2024, September 19",Android 14,6.78,50,8,5500.0
Huawei Mate XT Ultimate,Huawei,9.5,480000.0,"2024, September 20",HarmonyOS 4.2,10.2,50,16,5600.0
Oukitel G2,Oukitel,5.8,25000.0,"2024, September",Android 14,6.0,13,4,6300.0
Oukitel G1,Oukitel,6.9,30000.0,"2024, September",Android 14,6.52,13,6,10600.0
Tecno Spark 30C,Tecno,6.5,12999.0,"2024, September 26",Android 14,6.67,50,4,5000.0
Apple iPhone 16 Pro Max,Apple,10.0,219999.0,"2024, September 20",iOS 18,6.9,48,8,
Apple iPhone 16 Pro,Apple,9.9,184999.0,"2024, September 20",iOS 18,6.3,48,8,
Apple iPhone 16 Plus,Apple,7.6,164999.0,"2024, September 20",iOS 18,6.7,48,8,4674.0
Apple iPhone 16,Apple,8.3,146999.0,"2024, September 20",iOS 18,6.1,48,8,3561.0
Realme Narzo 70 Turbo,Realme,7.9,23000.0,"2024, September 16",Android 14,6.67,50,6,5000.0
Philips S6206,Philips,5.8,15000.0,"2024, September",Android 14,6.79,48,6,4920.0
Honor Play9T,Honor,7.0,20000.0,"2024, September 06",Android 14,6.77,50,2,6000.0
Vivo Y37 Pro,Vivo,6.5,32000.0,"2024, September",Android 14,6.68,50,2,6000.0
ZTE nubia RedMagic Nova,ZTE,7.8,90000.0,"2024, September 05",Android 14,10.9,50,3,10100.0
Infinix Hot 50,Infinix,7.1,18000.0,"2024, October",Android 14,6.7,48,4,5000.0
HMD Fusion,HMD,7.1,35000.0,"2024, September 11",Android 14,6.56,108,2,5000.0
Vivo Y300 Pro,Vivo,7.4,30000.0,"2024, September 14",Android 14,6.77,50,1,6500.0
Ulefone Armor Mini 20,Ulefone,7.0,0.0,"2024, September",Android 14,4.7,64,6,6200.0
Oppo Find N5,Oppo,8.0,215000.0,"2025, February 26",Android 15,8.12,50,8,5600.0
TCL 50 XE NxtPaper,TCL,5.8,0.0,"2024, July",Android 14,6.56,50,4,5010.0
TCL 50 Pro NxtPaper,TCL,7.8,40000.0,"2024, September",Android 14,6.8,108,8,5010.0
TCL 50 NxtPaper,TCL,7.3,30000.0,"2024, September",Android 14,6.8,108,8,5010.0
Ulefone Armor Mini 20T Pro,Ulefone,6.9,50000.0,"2024, October",Android 14,4.7,50,8,6200.0
Ulefone Armor 28 Ultra Thermal,Ulefone,9.4,180000.0,"2025, March 17",Android 15,6.67,64,16,10600.0
Benco V91 Plus,Benco,6.9,12499.0,"2024, September",Android 13,6.56,50,6,5000.0
Benco V91c,Benco,6.1,9999.0,"2024, September 04",Android 13,6.56,13,4,5000.0
Oppo A80,Oppo,6.6,30000.0,"2024, August 14",Android 14,6.67,50,8,5100.0
Xiaomi Redmi 14C,Xiaomi,6.9,12999.0,"2024, August",Android 14,6.88,50,4,5160.0
Realme Note 60,Realme,6.0,11999.0,"2024, August 30",Android 14,6.74,32,4,5000.0
Motorola Moto G55,Motorola,6.8,35000.0,"2024, September",Android 14,6.49,50,8,5000.0
Motorola Moto G35,Motorola,6.3,16000.0,"2024, September",Android 14,6.72,50,4,5000.0
Symphony ATOM 5,Symphony,6.5,7999.0,"2024, September 01",Android 14,6.74,52,1,5000.0
Symphony G27 Lite,Symphony,5.5,7399.0,"2024, August",Android 14,6.56,5,2,4000.0
Infinix Zero 40 4G,Infinix,7.8,35000.0,"2024, September",Android 14,6.78,108,8,5000.0
Motorola Edge 50 Neo,Motorola,7.5,32000.0,"2024, August 29",Android 14,6.4,50,8,4310.0
Realme 13,Realme,7.0,23000.0,"2024, September 06",Android 14,6.72,50,8,5000.0
Realme 13+,Realme,8.8,31000.0,"2024, September 06",Android 14,6.67,50,8,5000.0
HMD Barbie,HMD,7.3,20000.0,"2024, August 28",KaiOS,2.8,3,0,1450.0
Vivo T3 Pro,Vivo,7.5,37000.0,"2024, September 03",Android 14,6.77,50,3,5500.0
Umidigi G9 5G,Umidigi,6.6,14990.0,"2024, July",Android 14,6.75,50,6,5000.0
Walton NEXG N10,Walton,6.5,15999.0,"2024, August 25",Android 14,6.7,50,8,5000.0
Tecno Spark Go 1,Tecno,6.3,10999.0,"2024, August 19",Android 14,6.67,13,3,5000.0
Honor 200 Smart,Honor,7.1,26000.0,"2024, September",Android 14,6.8,50,2,5200.0
Vivo iQOO Z9s Pro,Vivo,7.8,36000.0,"2024, August 23",Android 14,6.77,50,3,5500.0
Vivo iQOO Z9s,Vivo,7.0,27000.0,"2024, August 23",Android 14,6.77,50,8,5500.0
ZTE Nubia Z70 Ultra,ZTE,9.0,82000.0,"2024, November 25",Android 15,6.85,64,8,6150.0
Cubot KingKong ES,Cubot,7.0,32000.0,"2024, August",Android 14,6.56,48,6,5100.0
Oppo A3 4G,Oppo,6.3,18990.0,"2024, August 20",Android 14,6.67,50,1,5100.0
Oppo A3x 4G,Oppo,5.9,12990.0,"2024, August 20",Android 14,6.67,8,1,5100.0
Oppo F27,Oppo,7.0,35000.0,"2024, August 20",Android 14,6.67,50,8,5000.0
Oppo A3,Oppo,6.8,25000.0,"2024, August 20",Android 14,6.67,50,6,5100.0
Vivo Y03t,Vivo,5.3,10499.0,"2024, August 19",Android 14,6.56,13,4,5000.0
Symphony D54 Pro,Symphony,6.8,1550.0,"2024, August",,2.4,0,0,1200.0
Symphony B80,Symphony,5.5,990.0,"2024, August",,1.77,0,0,1000.0
Walton Orbit Y70c,Walton,6.0,9047.0,"2024, August",Android 13,6.6,8,6,5000.0
Motorola Moto G45,Motorola,6.6,19000.0,"2024, August 28",Android 14,6.5,50,3,5000.0
Google Pixel 9 Pro XL,Google,10.0,104000.0,"2024, August 22",Android 14,6.8,50,4,5060.0
Google Pixel 9 Pro,Google,9.8,93000.0,"2024, September 09",Android 14,6.3,50,4,4700.0
Google Pixel 9,Google,8.9,70000.0,"2024, August 22",Android 14,6.3,50,4,4700.0
Google Pixel 9 Pro Fold,Google,9.0,222000.0,"2024, September 04",Android 14,8.0,48,4,4650.0
Realme C63 5G,Realme,6.3,18000.0,"2024, August 19",Android 14,6.67,32,4,5000.0
Infinix Xpad,Infinix,7.1,24000.0,"2024, August 18",Android 14,11.0,8,4,7000.0
Symphony G27,Symphony,5.8,7999.0,"2024, August 10",Android 14,6.56,8,3,5000.0
Itel P65,Itel,6.3,15000.0,"2024, August 08",Android 14,6.7,50,4,5000.0
Oppo A3x,Oppo,6.1,20000.0,"2024, August 02",Android 14,6.67,8,4,5100.0
Motorola Moto S50,Motorola,6.4,40000.0,"2024, September 05",Android 14,6.36,50,12,4310.0
Vivo V40 Pro,Vivo,8.4,62000.0,"2024, August 23",Android 14,6.78,50,8,5500.0
Lava Yuva Star,Lava,6.1,10000.0,"2024, August",Android 14,6.75,13,4,5000.0
Infinix Note 40X 5G,Infinix,7.3,20000.0,"2024, August 9",Android 14,6.78,108,8,5000.0
Huawei nova Flip,Huawei,8.1,90000.0,"2024, August 10",HarmonyOS 4.2,6.94,50,0,4440.0
Infinix Zero 40,Infinix,8.6,50000.0,"2024, August 29",Android 14,6.78,108,12,5000.0
Itel A50C,Itel,5.9,6990.0,"2024, August",Android 14,6.56,8,2,4000.0
Itel A06,Itel,6.0,0.0,"2024, August",Android 14,6.56,8,2,4000.0
Samsung Galaxy F14 4G,Samsung,6.6,13000.0,"2024, September 05",Android 14,6.7,50,4,5000.0
Realme 13 4G,Realme,7.1,25000.0,"2024, August 08",Android 14,6.67,50,8,5000.0
Samsung Galaxy A16,Samsung,7.0,18500.0,"2024, November 20",Android 14,6.7,50,4,5000.0
Ulefone Armor 27 Pro,Ulefone,8.1,35000.0,"2024, August 1",Android 14,6.78,64,12,10600.0
Motorola Edge 50,Motorola,8.0,34000.0,"2024, August 8",Android 14,6.7,50,1,5000.0
Xiaomi Poco M6 Plus,Xiaomi,7.4,17000.0,"2024, August 5",Android 14,6.79,108,2,5030.0
Ulefone Armor 27T Pro,Ulefone,7.6,40000.0,"2024, August 1",Android 14,6.78,64,12,10600.0
Nothing Phone (2a) Plus,Nothing,7.9,38000.0,"2024, August 3",Android 14,6.7,50,8,5000.0
Nio Phone 2,NIO,8.8,110000.0,"2024, September 27",,6.82,50,3,5020.0
Realme 13 Pro+,Realme,8.0,42000.0,"2024, August 06",Android 14,6.7,50,2,5200.0
Realme 13 Pro,Realme,7.5,33000.0,"2024, August 06",Android 14,6.7,50,2,5200.0
Honor X60i,Honor,7.0,25000.0,"2024, August 11",Android 14,6.7,50,8,5000.0
Oppo K12x,Oppo,7.5,20000.0,"2024, August 02",Android 14,6.67,32,6,5100.0
Oppo K12x (China),Oppo,7.1,25000.0,"2024, May 20",Android 14,6.67,50,5,5500.0
Vivo Y37m,Vivo,5.6,33000.0,"2024, July",Android 14,6.56,13,4,5000.0
Vivo Y37,Vivo,6.8,38000.0,"2024, August",Android 14,6.56,13,4,5000.0
Vivo Y18i,Vivo,5.5,12000.0,"2024, August 23",Android 14,6.56,13,4,5000.0
Oukitel WP28 S,Oukitel,5.8,0.0,"2024, August",Android 14,6.52,13,4,10600.0
Oukitel WP28 E,Oukitel,6.1,0.0,"2024, August",Android 14,6.52,13,4,10600.0
Oukitel C53,Oukitel,5.3,20000.0,"2024, June",Android 14,6.6,13,4,4000.0
Tecno Camon 30S Pro,Tecno,7.4,0.0,"2024, August",Android 14,6.78,50,8,5000.0
HMD Crest Max,HMD,5.8,25000.0,"2024, August 07",Android 14,6.67,64,8,5000.0
HMD Crest,HMD,5.0,25000.0,"2024, August 07",Android 14,6.67,50,6,5000.0
Realme Narzo N61,Realme,5.8,12000.0,"2024, August 06",Android 14,6.74,32,4,5000.0
Oppo A3x (China),Oppo,6.1,20000.0,"2024, August",Android 14,6.67,32,6,5100.0
ZTE nubia Z60S Pro,ZTE,8.3,53000.0,"2024, August 12",Android 14,6.8,50,2,5100.0
ZTE nubia Z60 Ultra Leading,ZTE,8.8,95000.0,"2024, August 12",Android 14,6.8,64,3,6000.0
Xiaomi Redmi K70 Ultra,Xiaomi,8.5,45000.0,"2024, July 19",Android 14,6.67,50,12,5500.0
Xiaomi Mix Fold 4,Xiaomi,9.1,165000.0,"2024, July 19",Android 14,7.98,50,3,5100.0
HMD Skyline,HMD,8.3,60000.0,"2024, July 19",Android 14,6.55,108,2,4600.0
Oppo Reno12 F 4G,Oppo,7.0,27990.0,"2024, August",Android 14,6.67,50,8,5000.0
Ulefone Armor 25T,Ulefone,7.0,30000.0,"2024, July",Android 14,6.78,64,6,6500.0
Meizu Blue 20,Meizu,6.4,0.0,"2024, July",,6.52,13,6,5010.0
Itel Color Pro,Itel,6.1,15000.0,"2024, July",Android 13,6.56,50,6,5000.0
OnePlus Nord 4,OnePlus,8.1,38000.0,"2024, August 08",Android 14,6.74,50,3,5500.0
Vivo iQOO Z9 Lite,Vivo,6.1,16500.0,"2024, July 20",Android 14,6.56,50,4,5000.0
Symphony S80,Symphony,6.1,2199.0,"2024, July",,2.8,0,0,1500.0
Vivo V40 Lite,Vivo,7.1,70000.0,"2024, July 14",Android 14,6.78,50,1,5500.0
Samsung Galaxy Z Fold6,Samsung,9.3,259999.0,"2024, July 24",Android 14,7.6,50,3,4400.0
Sharp Aquos R9,Sharp,8.1,70000.0,"2024, September",Android 14,6.5,50,3,5000.0
Vivo Y28e,Vivo,6.0,17000.0,"2024, July",Android 14,6.56,13,4,5000.0
Oukitel WP52,Oukitel,6.5,25000.0,"2024, June",Android 14,6.6,48,4,6500.0
Itel A50,Itel,5.5,6990.0,"2024, May",Android 14,6.6,8,2,5000.0
Lava Blaze X,Lava,7.4,20000.0,"2024, July 20",Android 14,6.67,64,4,5000.0
Oukitel WP39,Oukitel,7.1,35000.0,"2024, June",Android 14,6.6,64,6,11000.0
ZTE nubia Red Magic 9S Pro+,ZTE,9.1,95000.0,"2024, July 09",Android 14,6.8,50,3,5500.0
Nokia 105 (2024),Nokia,6.0,0.0,"2024, July",,2.0,0,0,1000.0
ZTE nubia Red Magic 9S Pro,ZTE,9.0,80000.0,"2024, July 09",Android 14,6.8,50,3,6500.0
Samsung Galaxy Z Flip6,Samsung,8.8,159999.0,"2024, July 24",Android 14,6.7,50,3,4000.0
Honor Magic Vs3,Honor,8.3,130000.0,"2024, July 19",Android 14,7.92,50,2,5000.0
Honor Magic V3,Honor,9.4,179999.0,"2024, July 19",Android 14,7.92,50,3,5150.0
Vivo iQOO Neo9S Pro+,Vivo,8.8,48000.0,"2024, July 16",Android 14,6.78,50,3,5500.0
Oppo A3 (China),Oppo,6.9,30000.0,"2024, July 05",Android 14,6.7,50,5,5000.0
Infinix Note 40s,Infinix,8.1,26999.0,"2024, October",Android 14,6.78,108,8,5000.0
Cubot KingKong Ace 3,Cubot,6.3,0.0,"2024, July 23",Android 14,6.58,100,8,5100.0
Cubot KingKong X,Cubot,7.5,40000.0,"2024, July 23",Android 14,6.58,100,16,10200.0
Realme C61 (India),Realme,5.8,12000.0,"2024, July 02",Android 14,6.78,32,4,5000.0
Vivo Y28 4G,Vivo,6.3,18999.0,"2024, July",Android 14,6.68,50,6,6000.0
Realme C61,Realme,6.1,14999.0,"2024, July 25",Android 14,6.74,50,6,5000.0
OnePlus Ace 3 Pro,OnePlus,8.4,55000.0,"2024, July 03",Android 14,6.78,50,3,6100.0
ZTE Voyage 3D,ZTE,5.8,25000.0,"2024, June 27",Android 13,6.58,50,6,4500.0
Samsung Galaxy A06,Samsung,5.5,12999.0,"2024, August 22",Android 14,6.7,50,4,5000.0
Oppo Reno12 F,Oppo,7.9,37990.0,"2024, July",Android 14,6.67,50,12,5000.0
TCL 50 XL Nxtpaper,TCL,7.4,30000.0,"2024, July 05",Android 14,6.78,50,6,5010.0
TCL 50 LE,TCL,5.1,10000.0,"2024, July 05",Android 14,6.6,13,4,4000.0
TCL 50 XL,TCL,7.3,20000.0,"2024, July 05",Android 14,6.78,50,6,5010.0
TCL 50 XE,TCL,6.3,15000.0,"2024, July 05",Android 14,6.56,50,4,5010.0
Realme 12 4G,Realme,7.5,24999.0,"2024, July 01",Android 14,6.67,50,8,5000.0
HMD 110,HMD,6.8,3000.0,"2024, July 05",,2.0,3,0,1000.0
HMD 105,HMD,5.3,2800.0,"2024, July 08",,2.0,0,0,1000.0
Motorola Razr+ 2024,Motorola,8.4,110000.0,"2024, July 17",Android 14,6.9,50,3,4000.0
Motorola Moto G85,Motorola,7.4,25000.0,"2024, June 25",Android 14,6.67,50,3,5000.0
Nokia 220 4G (2024),Nokia,6.9,7200.0,"2024, June 25",,2.8,0,0,1450.0
Honor Play 60 Plus,Honor,6.6,28000.0,"2024, June 28",Android 14,6.77,50,2,6000.0
Oppo A3 Pro (India),Oppo,6.1,30000.0,"2024, June 21",Android 14,6.67,50,8,5100.0
Vivo T3 Lite,Vivo,6.0,22000.0,"2024, July 04",Android 14,6.56,50,4,5000.0
Doogee V20S,Doogee,7.8,50000.0,"2024, March",Android 13,6.43,50,12,6000.0
Realme V60,Realme,5.8,25000.0,"2024, July 05",Android 14,6.67,32,6,5000.0
OnePlus Nord CE4 Lite (India),OnePlus,6.6,30000.0,"2024, June 28",Android 14,6.67,50,5,5500.0
Motorola Razr 50,Motorola,7.3,60000.0,"2024, June 25",Android 14,6.9,50,8,4200.0
Honor X7b 5G (50 MP),Honor,6.6,25000.0,"2024, June",Android 13,6.8,50,8,6000.0
Oppo Reno12 Pro,Oppo,7.9,50000.0,"2024, June 18",Android 14,6.7,50,12,5000.0
Oppo Reno12,Oppo,7.5,59990.0,"2024, June",Android 14,6.7,50,12,5000.0
Vivo Y58,Vivo,7.1,30000.0,"2024, June 20",Android 14,6.72,50,2,6000.0
Vivo Y28s,Vivo,6.0,0.0,"2024, June",Android 14,6.56,50,8,5000.0
Coolpad Cool 30 Play,Coolpad,5.9,0.0,"2024, July",Android 14,6.79,64,6,5000.0
Vivo V40,Vivo,7.8,62999.0,"2024, July 03",Android 14,6.78,50,3,5500.0
Motorola Moto E14,Motorola,5.1,14000.0,"2024, June",Android 14,6.56,13,2,5000.0
T-Mobile REVVL 7 Pro,T-Mobile,7.1,30000.0,"2024, June",Android 14,6.78,50,1,5000.0
T-Mobile REVVL 7,T-Mobile,6.5,25000.0,"2024, June",Android 14,6.58,50,1,5000.0
OnePlus Nord CE4 Lite,OnePlus,7.1,23999.0,"2024, July 02",Android 14,6.67,50,5,5110.0
Helio 40,Helio,6.0,12499.0,"2024, June",Android 14,6.67,108,6,5000.0
Motorola Moto S50 Neo,Motorola,7.8,26500.0,"2024, June 28",Android 14,6.7,50,3,5000.0
Honor X6b,Honor,5.5,10999.0,"2024, June",Android 14,6.56,50,4,5200.0
Benco S1 Plus,Benco,6.5,17499.0,"2024, May 24",Android 13,6.82,48,6,5000.0
Oukitel C50,Oukitel,5.6,20000.0,"2024, June",Android 14,6.8,50,8,5150.0
Oukitel WP50,Oukitel,6.4,15000.0,"2024, June",Android 14,6.6,48,4,6500.0
Energizer E288s,Energizer,7.0,0.0,"2024, August",KaiOS 2.X,2.8,3,0,2000.0
Cubot A10,Cubot,5.8,15000.0,"2024, June",Android 14,6.56,48,4,5100.0
Motorola Razr 50 Ultra,Motorola,7.8,82000.0,"2024, June 25",Android 14,6.9,50,3,4000.0
Benco V90 Plus,Benco,5.5,8999.0,"2024, June 12",Android 13,6.56,13,4,5000.0
Vivo Y18 (India),Vivo,5.8,15000.0,"2024, May 03",Android 14,6.56,50,4,5000.0
Tecno Spark 20P,Tecno,5.4,30000.0,"2024, June",Android 13,6.6,50,4,5000.0
Tecno Spark 20 Pro 5G,Tecno,6.9,70000.0,"2024, June 20",Android 14,6.78,108,8,5000.0
Nothing CMF Phone 1,Nothing,7.8,21000.0,"2024, July 09",Android 14,6.67,50,6,5000.0
Wiko T20,Wiko,5.5,16000.0,"2024, May",Android 13,6.56,8,1,5000.0
Energizer E246SC,Energizer,6.5,7000.0,"Exp. release 2024, December",,2.4,3,0,2000.0
Symphony L142,Symphony,6.8,1499.0,"2024, June",,2.4,0,0,2950.0
Realme Narzo N63,Realme,6.0,13000.0,"2024, June 10",Android 14,6.75,50,4,5000.0
Symphony B100,Symphony,5.3,1050.0,"2024, June",,2.0,0,0,1000.0
Doogee N55,Doogee,5.8,18000.0,"2024, June",Android 14,6.56,13,4,5150.0
Motorola Edge (2024),Motorola,7.6,65000.0,"2024, June 20",Android 14,6.6,50,2,5000.0
Realme GT6 (China),Realme,8.3,62000.0,"2024, July 9",Android 14,6.78,50,3,5800.0
Oukitel C38,Oukitel,5.8,15000.0,"2024, June",Android 13,6.6,48,8,5150.0
Oppo F27 Pro+,Oppo,7.5,45000.0,"2024, June 20",Android 14,6.7,64,8,5000.0
Xiaomi Redmi 13,Xiaomi,7.0,16999.0,"2024, June 03",Android 14,6.79,108,6,5030.0
Helio 50,Helio,6.4,13499.0,"2024, June 03",Android 14,6.72,108,6,5000.0
Oukitel C37,Oukitel,5.0,20000.0,"2024, May",Android 13,6.6,48,8,5150.0
Lava Yuva 5G,Lava,6.0,15000.0,"2024, June 06",Android 13,6.53,50,4,5000.0
Ulefone Note 18 Ultra,Ulefone,6.0,20000.0,"2024, May",Android 13,6.78,50,6,5450.0
Xiaomi 14 Civi,Xiaomi,8.1,60000.0,"2024, June 20",Android 14,6.55,50,3,4700.0
Oscal Modern 8,Oscal,5.6,18000.0,"2024, May",Android 13,6.75,50,8,6000.0
Blackview Hero 10,Blackview,6.3,50000.0,"2024, May",Android 13,6.9,108,12,4000.0
Blackview BV8100,Blackview,6.6,40000.0,"2024, May",Android 14,6.5,50,8,8800.0
Ulefone Armor 25T Pro,Ulefone,6.5,40000.0,"2024, May",Android 14,6.78,64,6,6500.0
Ulefone Armor 26 Ultra Walkie-talkie,Ulefone,8.5,80000.0,"2024, April",Android 13,6.78,200,12,15600.0
Vivo Y36t,Vivo,5.1,15000.0,"2024, May",Android 13,6.51,13,4,5000.0
Samsung Galaxy M35,Samsung,7.6,21000.0,"2024, May 24",Android 14,6.6,50,6,6000.0
Xiaomi Redmi A3x,Xiaomi,5.8,10000.0,"2024, May 24",Android 14,6.71,8,3,5000.0
Realme Narzo N65,Realme,5.8,17500.0,"2024, May 31",Android 14,6.67,50,4,5000.0
HMD Aura,HMD,5.3,15000.0,"2024, May 23",Android 13,6.56,13,1,5000.0
Oppo Reno12 Pro (China),Oppo,7.0,60000.0,"2024, May 31",Android 14,6.7,50,12,5000.0
Oppo Reno12 (China),Oppo,7.5,45000.0,"2024, May 31",Android 14,6.7,50,12,5000.0
Xiaomi Poco F6 Pro,Xiaomi,7.8,59000.0,"2024, May 23",Android 14,6.67,50,2,5000.0
Xiaomi Poco F6,Xiaomi,7.0,36500.0,"2024, May 23",Android 14,6.67,50,3,5000.0
Umidigi G6,Umidigi,6.5,30000.0,2024,Android 13,6.57,50,6,5000.0
Umidigi A15T,Umidigi,5.8,20000.0,2024,Android 13,6.7,64,8,5000.0
Umidigi Bison X20,Umidigi,6.0,20000.0,2024,Android 13,6.53,20,6,6000.0
Umidigi G5 Mecha,Umidigi,5.4,20000.0,2023,Android 13,6.6,50,8,6000.0
Infinix Note 40 5G,Infinix,6.4,30000.0,"2024, May 22",Android 14,6.78,108,12,5000.0
Walton Orbit Y12,Walton,5.5,8599.0,"2024, May 22",Android 13,6.6,8,4,5000.0
Honor Magic V Flip,Honor,9.0,85000.0,"2024, June 13",Android 14,6.8,50,1,4800.0
Vivo Y200 Pro,Vivo,6.5,40000.0,"2024, May 21",Android 14,6.78,64,5,5000.0
Vivo iQOO Neo9S Pro,Vivo,7.8,42000.0,"2024, May 20",Android 14,6.78,50,12,5160.0
Vivo Y200t,Vivo,6.0,20000.0,"2024, May 20",Android 14,6.72,50,1,6000.0
Vivo Y200 (China),Vivo,6.5,28000.0,"2024, May 24",Android 14,6.78,50,1,6000.0
Vivo Y200 GT,Vivo,7.0,30000.0,"2024, May 20",Android 14,6.78,50,3,6000.0
Xiaomi Redmi Note 13R,Xiaomi,6.9,28000.0,"2024, May",Android 14,6.79,50,2,5030.0
Samsung Galaxy F55,Samsung,7.4,30000.0,"2024, May 27",Android 14,6.7,50,1,5000.0
Walton XANON X90,Walton,7.6,29999.0,"2024, May",Android 14,6.7,64,24,5000.0
Motorola Moto X50 Ultra,Motorola,8.3,70000.0,"2024, May 26",Android 14,6.7,50,3,4500.0
Sony Xperia 1 VI,Sony,10.0,140000.0,"2024, June 03",Android 14,6.5,48,3,5000.0
Sony Xperia 10 VI,Sony,8.3,55000.0,"2024, June 13",Android 14,6.1,48,1,5000.0
Vivo S19 Pro,Vivo,8.0,63000.0,"2024, May 30",Android 14,6.78,50,8,5500.0
Vivo S19,Vivo,7.5,45000.0,"2024, May 30",Android 14,6.78,50,3,6000.0
Cubot X90,Cubot,6.8,0.0,"2024, May",Android 14,6.67,100,16,5100.0
HMD XR21,HMD,6.9,80000.0,"2024, May",Android 12,6.49,64,5,4800.0
Vivo X100 Ultra,Vivo,9.8,110000.0,"2024, May 28",Android 14,6.78,200,3,5500.0
Vivo X100s Pro,Vivo,9.4,80000.0,"2024, May 17",Android 14,6.78,50,12,5400.0
Vivo X100s,Vivo,8.6,70000.0,"2024, May 17",Android 14,6.78,64,12,5100.0
Honor 200 Pro,Honor,9.3,76999.0,"2024, May 31",Android 14,6.78,50,3,5200.0
Honor 200,Honor,8.5,52999.0,"2024, May 31",Android 14,6.7,50,3,5200.0
Meizu 21 Note,Meizu,8.8,45000.0,"2024, May 21",,6.78,50,2,5500.0
Realme GT 6T,Realme,7.0,45000.0,"2024, May 28",Android 14,6.78,50,3,5500.0
Sharp Aquos wish4,Sharp,6.1,20000.0,"2024, September",Android 14,6.6,50,6,5000.0
Realme GT Neo6,Realme,8.0,35000.0,"2024, May 09",Android 14,6.78,50,3,5500.0
Oppo A1s,Oppo,5.8,25000.0,"2024, May",Android 14,6.72,50,12,5000.0
Nokia 3210,Nokia,6.6,6500.0,"2024, May 07",,2.4,2,0,1450.0
Oppo A1i,Oppo,5.3,20000.0,"2024, May",Android 14,6.56,13,8,5000.0
ZTE Axon 60 Lite,ZTE,5.4,18000.0,"2024, May",Android 13,6.6,50,4,5000.0
ZTE Axon 60,ZTE,5.6,25000.0,"2024, May",Android 13,6.72,50,6,5000.0
Ulefone Armor 26 Ultra,Ulefone,9.0,70000.0,"2024, April",Android 13,6.78,64,12,15600.0
Symphony Innova 20,Symphony,5.6,10199.0,"2024, May 06",Android 13,6.52,52,4,5000.0
Doogee N55 Plus,Doogee,5.5,35000.0,"2024, June",Android 14,6.56,13,8,5150.0
Doogee N55 Pro,Doogee,5.6,20000.0,"2024, June",Android 14,6.56,13,6,5150.0
Vivo Y18,Vivo,5.6,15999.0,"2024, May",Android 14,6.56,50,8,5000.0
Vivo Y100 4G,Vivo,6.3,30000.0,"2024, May 03",Android 14,6.67,50,8,5000.0
Vivo Y38,Vivo,6.6,0.0,"2024, May",Android 14,6.68,50,2,6000.0
Vivo V30e,Vivo,7.0,36000.0,"2024, May 09",Android 14,6.78,50,1,5500.0
Vivo V30 SE,Vivo,6.4,30000.0,"2024, May 01",Android 14,6.67,50,2,5000.0
HTC U24 Pro,HTC,6.9,75000.0,"2024, July 01",Android 14,6.8,50,3,4600.0
Nokia 235 4G (2024),Nokia,7.4,7800.0,"2024, May",,2.8,2,0,1450.0
Nokia 215 4G (2024),Nokia,6.4,6500.0,"2024, May",,2.8,0,0,1450.0
Nokia 225 4G (2024),Nokia,6.8,7000.0,"2024, May",,2.4,3,0,1450.0
Energizer Ultimate U652S,Energizer,4.5,10000.0,"2024, July",Android 13,6.51,18,2,4000.0
Vivo Y18e,Vivo,5.0,12000.0,"2024, May",Android 14,6.56,13,4,5000.0
Realme C65 5G,Realme,6.1,15000.0,"2024, April 26",Android 14,6.67,50,4,5000.0
Infinix GT 20 Pro,Infinix,8.0,33000.0,"2024, April 26",Android 14,6.78,108,8,5000.0
Oppo A60,Oppo,5.6,22990.0,"2024, April 26",Android 14,6.67,50,4,5000.0
Xiaomi Redmi 13 5G,Xiaomi,7.5,25000.0,"2024, July 12",Android 14,6.79,108,2,5030.0
Xiaomi Poco M6 4G,Xiaomi,7.0,15000.0,"2024, June 13",Android 14,6.79,108,6,5030.0
Honor 200 Lite,Honor,6.9,30000.0,"2024, May 03",Android 14,6.7,108,8,4500.0
Polestar Phone,Polestar,8.5,0.0,"2024, April 24",,6.79,50,3,5050.0
HMD Vibe,HMD,5.6,20000.0,"2024, June 04",Android 14,6.56,13,4,4000.0
HMD Pulse+,HMD,5.4,20000.0,"2024, April 29",Android 14,6.65,50,4,5000.0
Vivo iQOO Z9 (China),Vivo,7.1,27000.0,"2024, April 29",Android 14,6.78,50,3,6000.0
Vivo iQOO Z9 Turbo,Vivo,7.5,30000.0,"2024, April 29",Android 14,6.78,50,3,6000.0
Vivo iQOO Z9x,Vivo,6.6,18000.0,"2024, April 29",Android 14,6.72,50,1,6000.0
Realme Narzo 70x,Realme,6.8,18000.0,"2024, April 24",Android 14,6.72,50,6,5000.0
Realme Narzo 70,Realme,7.0,27000.0,"2024, April 25",Android 14,6.67,50,6,5000.0
Oppo K12,Oppo,7.4,32000.0,"2024, April 29",Android 14,6.7,50,3,5500.0
HMD Pulse Pro,HMD,5.9,25000.0,"2024, April",Android 14,6.56,50,4,5000.0
Huawei Pura 70 Ultra,Huawei,10.0,140000.0,"2024, April 29",HarmonyOS 4.2,6.8,50,16,5200.0
Huawei Pura 70 Pro+,Huawei,9.5,120000.0,"2024, April 29",HarmonyOS 4.2,6.8,50,16,5050.0
Huawei Pura 70 Pro,Huawei,9.4,110000.0,"2024, April 29",HarmonyOS 4.2,6.8,50,12,5050.0
Huawei Pura 70,Huawei,8.1,83000.0,"2024, May 06",EMUI 14.2,6.6,50,12,4900.0
HMD Pulse,HMD,5.5,18000.0,"2024, April 24",Android 14,6.65,13,4,5000.0
Vivo T3x,Vivo,6.4,24000.0,"2024, April 24",Android 14,6.72,50,1,6000.0
Vivo Y200i,Vivo,5.5,25000.0,"2024, April 27",Android 14,6.72,50,2,6000.0
Motorola Edge 50 Ultra,Motorola,9.5,76000.0,"2024, May 15",Android 14,6.7,50,3,5000.0
Motorola Edge 50 Fusion,Motorola,7.6,28000.0,"2024, May 15",Android 14,6.7,50,2,5000.0
Realme P1 Pro,Realme,7.4,29000.0,"2024, April 22",Android 14,6.7,50,1,5000.0
Realme P1,Realme,7.0,26000.0,"2024, April 15",Android 14,6.67,50,6,5000.0
Oppo A3 Pro,Oppo,6.8,35000.0,"2024, April 19",Android 14,6.7,64,8,5000.0
ZTE Axon 60 Ultra,ZTE,8.9,0.0,"2024, May",Android 14,6.78,50,2,6000.0
Nokia 230 (2024),Nokia,6.9,7800.0,"2024, April 26",,2.8,2,0,1450.0
Nokia 6310 (2024),Nokia,6.3,8000.0,"2024, April 26",,2.8,2,0,1450.0
Nokia 5310 (2024),Nokia,6.8,7500.0,"2024, April 26",,2.8,2,0,1450.0
Realme GT Neo6 SE,Realme,7.8,38000.0,"2024, April 17",Android 14,6.78,50,3,5500.0
Cubot Hafury V1,Cubot,5.6,25000.0,"2024, April",Android 14,6.58,64,8,4350.0
Cubot Hafury Meet,Cubot,6.6,40000.0,"2024, April",Android 13,6.67,100,12,5100.0
Cubot KingKong AX,Cubot,6.5,30000.0,"2024, April",Android 14,6.58,100,12,5100.0
Cubot A1,Cubot,5.3,15000.0,"2024, April",Android 13,6.56,13,4,5100.0
Motorola Moto G04s,Motorola,5.3,12000.0,"2024, April 09",Android 14,6.56,50,4,5000.0
Xiaomi Redmi Turbo 3,Xiaomi,8.3,28000.0,"2024, April 10",Android 14,6.67,50,3,5000.0
Motorola Moto G64,Motorola,6.4,22000.0,"2024, April 23",Android 14,6.5,50,8,6000.0
Honor 90 Smart,Honor,6.8,30000.0,"2024, April 12",Android 13,6.8,108,4,5330.0
Realme C63,Realme,5.9,14999.0,"2024, June 05",Android 14,6.75,50,6,5000.0
Blackview BL9000 Pro,Blackview,8.5,50000.0,"2024, May",Android 14,6.78,50,12,8800.0
Oukitel WP35,Oukitel,6.9,22000.0,"2024, May",Android 14,6.6,64,8,11000.0
Itel RS4,Itel,5.8,19990.0,"2024, April",Android 13,6.56,50,8,5000.0
Honor X7b 5G,Honor,6.1,0.0,"2024, April",Android 13,6.8,100,8,6000.0
Vivo V30 Lite 4G,Vivo,6.1,28999.0,"2024, April 04",Android 14,6.67,50,8,5000.0
Tecno Pova 6 Neo,Tecno,7.3,0.0,"Exp. release 2024, April",Android 14,6.78,50,8,7000.0
Tecno Pova 6,Tecno,7.3,0.0,"2024, April",Android 14,6.78,108,8,6000.0
Motorola Edge 50 Pro,Motorola,8.0,43000.0,"2024, April 8",Android 14,6.7,50,3,4500.0
Realme 12x (India),Realme,6.4,20000.0,"2024, April 02",Android 14,6.72,50,4,5000.0
Realme C65,Realme,6.5,17999.0,"2024, April",Android 14,6.67,50,6,5000.0
OnePlus Nord CE4,OnePlus,7.5,35000.0,"2024, April 04",Android 14,6.7,50,3,5500.0
Realme GT 6,Realme,8.5,56000.0,"2024, June 25",Android 14,6.78,50,3,5500.0
Energizer Ultimate 65G,Energizer,4.9,20000.0,"2024, Q3",Android 13,6.51,13,4,4000.0
Itel S24,Itel,6.0,13990.0,"2024, April",Android 13,6.6,108,4,5000.0
Vivo V40 SE,Vivo,6.9,38000.0,"2024, April 18",Android 14,6.67,50,2,5000.0
Sharp Aquos sense8,Sharp,7.0,40000.0,"2024, January",Android 13,6.1,50,1,5000.0
Sharp Aquos R8s pro,Sharp,8.3,110000.0,"2023, December",Android 13,6.6,47,2,5000.0
Samsung Galaxy M55,Samsung,7.0,70499.0,"2024, March 28",Android 14,6.7,50,1,5000.0
Sharp Aquos R8s,Sharp,6.6,85000.0,"2023, December",Android 13,6.4,47,2,4750.0
Samsung Galaxy C55,Samsung,7.8,0.0,"2024, April 22",Android 14,6.7,50,1,5000.0
Xiaomi Poco C61,Xiaomi,5.5,10000.0,"2024, March 28",Android 14,6.71,8,4,5000.0
Lava O2,Lava,5.8,12000.0,"2024, March 27",Android 13,6.5,50,8,5000.0
Xiaomi Civi 4 Pro,Xiaomi,7.5,50000.0,"2024, March 21",Android 14,6.55,50,3,4700.0
OnePlus Ace 3V,OnePlus,6.4,42500.0,"2024, March 25",Android 14,6.74,50,3,5500.0
Vivo T3,Vivo,6.8,28000.0,"2024, March 27",Android 14,6.67,50,8,5000.0
Huawei nova 12 SE,Huawei,6.4,0.0,"2024, April 06",EMUI 14,6.67,108,4,4500.0
Huawei Nova 12S,Huawei,6.8,60000.0,"2024, April 13",EMUI 14,6.7,50,4,4500.0
Huawei Nova 12i,Huawei,6.8,35000.0,"2024, April 16",EMUI 14,6.7,108,4,5000.0
Realme Narzo 70 Pro,Realme,7.6,28000.0,"2024, March 19",Android 14,6.67,50,8,5000.0
Honor Magic6 RSR Porsche Design,Honor,10.0,210000.0,"2024, March 22",Android 14,6.8,180,3,5600.0
Honor Magic6 Ultimate,Honor,9.4,145000.0,"2024, March 22",Android 14,6.8,180,3,5600.0
Infinix Note 40 Pro+,Infinix,7.6,38000.0,"2024, March 19",Android 14,6.78,108,12,4600.0
Infinix Note 40 Pro 4G,Infinix,6.5,30999.0,"2024, March 19",Android 14,6.78,108,8,5000.0
Infinix Note 40 Pro,Infinix,7.1,35000.0,"2024, March 19",Android 14,6.78,108,8,5000.0
Infinix Note 40,Infinix,6.4,26999.0,"2024, March 19",Android 14,6.78,108,8,5000.0
Symphony Innova 30,Symphony,6.5,11699.0,"2024, March 18",Android 13,6.56,108,6,5000.0
Realme C51s,Realme,5.9,15000.0,"2024, March 15",Android 13,6.74,50,6,5000.0
Walton NEXG N73,Walton,5.8,13999.0,"2024, March 15",Android 13,6.8,52,8,6000.0
Ulefone Power Armor 16S,Ulefone,6.5,30000.0,"2024, March 14",Android 13,5.93,50,8,9600.0
Asus Zenfone 11 Ultra,Asus,9.4,110000.0,"2024, April 14",Android 14,6.78,50,3,5500.0
Xiaomi Poco X6 Neo,Xiaomi,7.0,18000.0,"2024, March 13",Android 14,6.67,108,8,5000.0
Vivo Y03,Vivo,5.5,11999.0,"2024, March 13",Android 14,6.56,13,4,5000.0
Realme 12x (India),Realme,6.4,20000.0,"2024, April 02",Android 14,6.72,50,4,5000.0
Motorola Moto G Power (2024),Motorola,7.3,35000.0,"2024, March 22",Android 14,6.7,50,8,5000.0
Motorola Moto G (2024),Motorola,6.5,22000.0,"2024, March 21",Android 14,6.6,50,1,5000.0
Vivo iQOO Z9,Vivo,7.0,25000.0,"2024, March 13",Android 14,6.67,50,8,5000.0
Samsung Galaxy A35,Samsung,7.5,62199.0,"2024, March 15",Android 14,6.6,50,6,5000.0
Samsung Galaxy A55,Samsung,7.9,78999.0,"2024, March 15",Android 14,6.6,50,6,5000.0
Samsung Galaxy M14 4G,Samsung,6.0,14999.0,"2024, March 07",Android 13,6.7,50,4,5000.0
Realme 12,Realme,6.8,27000.0,"2024, March",Android 14,6.72,108,6,5000.0
Nothing Phone (2a),Nothing,8.5,36000.0,"2024, March 12",Android 14,6.7,50,8,5000.0
Samsung Galaxy F15,Samsung,6.8,21000.0,"2024, March 11",Android 14,6.6,50,4,6000.0
Symphony Z70,Symphony,6.1,9499.0,"2024, March 03",Android 13,6.56,52,4,5000.0
Walton NEXG N9,Walton,6.3,17999.0,"2024, March",Android 13,6.82,50,12,5010.0
Meizu 21 Pro,Meizu,9.6,70000.0,"2024, March 02",Android,6.79,50,3,5050.0
Oppo F25 Pro,Oppo,7.1,35000.0,"2024, March 04",Android 14,6.7,64,8,5000.0
ZTE nubia Neo 2,ZTE,7.0,0.0,"2024, Q2",Android 14,6.72,50,8,6000.0
ZTE nubia Music,ZTE,5.8,20000.0,"2024, Q1-Q2",Android 14,6.6,50,4,5000.0
ZTE nubia Focus Pro,ZTE,6.8,0.0,"2024, Q1-Q2",Android 14,6.72,108,8,5000.0
ZTE nubia Focus,ZTE,6.0,25000.0,"2024, Q1-Q2",Android 14,6.6,108,8,5000.0
Lava Blaze Curve,Lava,7.4,32000.0,"2024, March 11",Android 13,6.67,64,8,5000.0
Doogee DK10,Doogee,8.0,0.0,"2024, March",Android 13,6.67,50,12,5150.0
Tecno Camon 30 Pro,Tecno,7.9,0.0,"2024, April 02",Android 14,6.78,50,12,5000.0
Tecno Camon 30 Premier,Tecno,8.8,69999.0,"2024, May",Android 14,6.77,50,12,5000.0
Tecno Camon 30 5G,Tecno,7.0,0.0,"2024, April 02",Android 14,6.78,50,7020,5000.0
Tecno Camon 30,Tecno,6.4,22999.0,"2024, April 02",Android 14,6.78,50,99,5000.0
ZTE Nubia Flip,ZTE,7.0,75000.0,"2024, April",Android 13,6.9,50,1,4310.0
Vivo V30 Lite (ME),Vivo,6.6,35000.0,"2024, February 26",Android 14,6.67,50,2,5000.0
TCL 50 5G,TCL,6.0,20000.0,"2024, April",Android 14,6.6,50,8,5010.0
TCL 503,TCL,5.5,15000.0,"2024, October",Android 14,6.6,13,3,5000.0
TCL 50 SE,TCL,5.0,22000.0,"2024, April 08",Android 14,6.78,50,4,5010.0
TCL 501,TCL,4.0,0.0,"2024, April",Android 14,6.0,5,2,3000.0
Tecno Pova 6 Pro,Tecno,6.3,0.0,"2024, April 4",Android 14,6.78,108,8,6000.0
Energizer Hard Case P28K,Energizer,6.5,30000.0,"2024, October",Android 14,6.78,60,8,28000.0
Vivo Y100t,Vivo,6.3,25000.0,"2024, February 28",Android 13,6.64,64,8,5000.0
Xiaomi 14 Ultra,Xiaomi,10.0,122000.0,"2024, February 22",Android 14,6.73,50,3,5000.0
Vivo Y200e,Vivo,5.4,26000.0,"2024, February 22",Android 14,6.67,50,2,5000.0
Huawei Enjoy 70z,Huawei,6.6,18000.0,"2024, February 22",HarmonyOS 4.0,6.75,13,710,6000.0
Vivo iQOO Neo9 Pro,Vivo,8.0,55500.0,"2024, February 22",Android 14,6.78,50,2,5160.0
Symphony BL102,Symphony,6.5,1180.0,"2024, February",,1.77,0,0,1700.0
Realme 12 Lite,Realme,5.6,40000.0,"2024, April 22",Android 14,6.72,108,6,5000.0
Xiaomi Redmi A3,Xiaomi,5.8,10999.0,"2024, February 23",Android 14,6.71,8,3,5000.0
Huawei Pocket 2,Huawei,8.0,120000.0,"Exp. release 2024, March",HarmonyOS 4.0,6.94,50,12,4520.0
Walton NEXG N72,Walton,6.0,11999.0,"2024, February 17",Android 13,6.8,52,8,5010.0
Oppo Reno11 F,Oppo,6.8,30000.0,"2024, February 08",Android 14,6.7,64,8,5000.0
TCL 505,TCL,5.8,0.0,"2024, March",Android 14,6.75,50,4,5010.0
ZTE Blade A34,ZTE,5.1,0.0,"2024, March",Android 13,6.6,8,2,5000.0
Vivo V30 Pro,Vivo,8.9,55000.0,"2024, March 07",Android 14,6.78,50,8,5000.0
Vivo V30,Vivo,7.4,59999.0,"2024, March 04",Android 14,6.78,50,3,5000.0
Ulefone Note 17 Pro,Ulefone,6.8,40000.0,"2024, January",Android 13,6.78,108,12,5050.0
Energizer U683S,Energizer,5.3,10000.0,"2024, February",Android 13,6.82,8,2,4900.0
Motorola Moto G24 Power,Motorola,6.3,12000.0,"2024, February 07",Android 14,6.56,50,4,6000.0
Infinix Smart 8 Plus,Infinix,5.1,12000.0,"2024, February",Android 13,6.6,50,4,6000.0
OnePlus Nord N30 SE,OnePlus,6.4,16999.0,"2024, January 31",Android 13,6.72,50,4,5000.0
Realme 12+,Realme,7.4,30000.0,"2024, March 02",Android 14,6.7,50,8,5000.0
Realme 12 Pro+,Realme,8.0,32000.0,"2024, January 29",Android 14,6.7,64,2,5000.0
Realme 12 Pro,Realme,7.1,36000.0,"2024, January 29",Android 14,6.7,50,1,5000.0
Itel P55T,Itel,5.4,12000.0,"2024, February",Android 14,6.6,50,4,6000.0
Huawei Nova Y72,Huawei,6.0,30000.0,"2024, February",HarmonyOS 4.0,6.75,50,8,6000.0
Itel P55+,Itel,6.5,13490.0,"2024, February 13",Android 13,6.6,50,4,5000.0
Itel P55,Itel,5.8,10990.0,"2024, February",Android 13,6.6,50,4,5000.0
Vivo Y100 (IDN),Vivo,6.6,30000.0,"2024, February 02",Android 14,6.67,50,2,5000.0
Realme Note 50,Realme,5.8,11499.0,"2024, January 23",Android 13,6.74,13,3,5000.0
Motorola Moto G24,Motorola,6.8,22000.0,"2024, February 06",Android 14,6.56,50,4,5000.0
Motorola Moto G04,Motorola,6.1,13000.0,"2024, February 07",Android 14,6.56,16,4,5000.0
OnePlus 12R,OnePlus,8.3,55000.0,"2024, February 06",Android 14,6.78,50,2,5500.0
Energizer H67G,Energizer,5.8,40000.0,"2024, February",Android 13,6.78,48,4,4900.0
Vivo G2,Vivo,6.0,20000.0,"2024, January 19",Android 13,6.56,13,4,5000.0
Xiaomi Mix Flip,Xiaomi,8.4,120000.0,"2024, July 19",Android 14,6.86,50,3,4780.0
Blackview BL9000,Blackview,7.1,0.0,"2024, January",Android 13,6.78,50,12,8800.0
Blackview BL8000,Blackview,7.5,0.0,"2024, January",Android 13,6.78,50,12,8800.0
Samsung Galaxy S24 Ultra,Samsung,10.0,219999.0,"2024, January",Android 14,6.8,200,3,5000.0
Samsung Galaxy S24+,Samsung,9.4,90000.0,"2024, January 25",Android 14,6.7,200,3,4900.0
Samsung Galaxy S24,Samsung,8.3,61000.0,"2024, January 25",Android 14,6.2,200,3,4000.0
Walton NEXG N25,Walton,5.8,14999.0,"2024, January 21",Android 13,6.6,50,8,5000.0
Motorola Moto G Play (2024),Motorola,5.1,20000.0,"2024, January 26",Android 13,6.5,50,4,5000.0
Xiaomi Redmi Note 13 Pro 4G,Xiaomi,7.8,28000.0,"2024, January 15",Android 13,6.67,200,8,5000.0
Xiaomi Redmi Note 13 4G,Xiaomi,7.5,20999.0,"2024, January 15",Android 13,6.67,108,6,5000.0
Infinix Smart 8 (India),Infinix,6.0,12000.0,"2024, January 17",Android 13,6.6,50,4,5000.0
Honor Magic V2 RSR Porsche Design,Honor,9.5,250000.0,"2024, January 12",Android 13,7.92,50,2,5000.0
Oppo Reno11 Pro,Oppo,7.1,55000.0,"2024, January 18",Android 14,6.7,50,12,4600.0
Oppo Reno11,Oppo,7.0,40000.0,"2024, January 25",Android 14,6.7,50,8,5000.0
Xiaomi Poco X6 Pro,Xiaomi,8.3,32000.0,"2024, January 12",Android 14,6.67,64,8,5000.0
Xiaomi Poco X6,Xiaomi,6.5,26000.0,"2024, January 12",Android 13,6.67,64,2,5100.0
Motorola Moto G Stylus 5G (2024),Motorola,7.3,50000.0,"2024, May 30",Android 14,6.7,50,1,5000.0
Xiaomi Poco M6 Pro,Xiaomi,7.5,38000.0,"2024, January 12",Android 13,6.67,64,8,5000.0
Honor Magic6 Pro,Honor,9.8,114999.0,"2024, January 18",Android 14,6.8,180,3,5600.0
Honor Magic6,Honor,7.4,65000.0,"2024, January 18",Android 14,6.78,50,3,5450.0
Samsung Galaxy Xcover7,Samsung,5.9,30000.0,"2024, January",Android 14,6.6,50,6,4050.0
Realme 14 Pro+,Realme,8.6,44000.0,"2025, January 09",Android 15,6.83,50,3,6000.0
Asus ROG Phone 8 Pro,Asus,9.5,125000.0,"2024, January 18",Android 14,6.78,50,3,5500.0
Asus ROG Phone 8,Asus,8.9,102000.0,"2024, January 18",Android 14,6.78,50,3,5500.0
Vivo Y28,Vivo,6.5,20000.0,"2024, January 07",Android 13,6.56,50,4,5000.0
Tecno Pop 8 (India),Tecno,5.8,10000.0,"2024, January",Android 13,6.56,12,4,5000.0
Xiaomi Redmi Note 13 (China),Xiaomi,7.0,32000.0,"2023, September 21",Android 13,6.67,100,6,5000.0
Energizer E242s+,Energizer,6.5,5000.0,"2024, January",KaiOS 2.X,2.4,2,0,2000.0
Blackview Color 8,Blackview,5.8,20000.0,"2024, January",Android 13,6.75,50,8,6000.0
ZTE Blade A54,ZTE,4.8,9999.0,"2023, November",Android 13,6.6,13,4,5000.0
Tecno Spark 20 Pro +,Tecno,7.1,26999.0,"Release 2024, February 18",Android 14,6.78,108,8,5000.0
Energizer E244s,Energizer,5.0,5000.0,"2024, February",,2.4,3,107,1400.0
Coolpad Cool 30i,Coolpad,4.8,0.0,"2023, December",Android 13,6.56,50,6,4500.0
Samsung Galaxy M15,Samsung,6.0,23999.0,"2024, April 05",Android 14,6.5,50,4,6000.0
Vivo iQOO Neo9 Pro (China),Vivo,8.1,56000.0,"2023, December 30",Android 14,6.78,50,12,5160.0
Huawei Nova 12 Lite,Huawei,6.0,40000.0,"2024, January 05",HarmonyOS 4.0,6.7,50,4,4500.0
Oukitel WP33 Pro,Oukitel,6.5,30000.0,"2024, January",Android 13,6.6,64,8,22000.0
Ulefone Armor 23 Ultra,Ulefone,7.6,110000.0,"2023, December 21",Android 13,6.78,64,12,5280.0
Blackview Wave 6C,Blackview,5.8,12000.0,"2023, December",Android 13,6.5,8,2,5100.0
Realme C67 4G,Realme,6.4,22999.0,"2023, December 19",Android 14,6.72,108,8,5000.0
Lava Storm,Lava,6.5,18000.0,"2023, December 28",Android 13,6.78,50,8,5000.0
Motorola Moto G34,Motorola,6.0,18500.0,"2023, December 29",Android 13,6.5,50,5,5000.0
Tecno Spark 20 Pro,Tecno,7.0,19999.0,"2023, December",Android 13,6.78,108,8,5000.0
Honor X8B,Honor,6.5,29999.0,"2023, December 22",Android 13,6.7,108,4,4500.0
Energizer E20+,Energizer,5.6,5000.0,"2023, December",,2.4,1,6261,1000.0
Oppo Find X7 Ultra,Oppo,8.5,135000.0,"2024, January 12",Android 14,6.82,50,3,5000.0
Lava Yuva 3 Pro,Lava,5.1,15000.0,"2023, December 14",Android 13,6.5,50,8,5000.0
Lava Yuva 3,Lava,5.3,10000.0,"2024, February 07",Android 13,6.52,13,4,5000.0
TCL 502,TCL,5.5,8000.0,"2023, December",Android 13,6.0,5,2,3000.0
Samsung Galaxy A15 5G,Samsung,7.5,25999.0,"2023, December 16",Android 14,6.5,50,4,5000.0
Vivo Y36i,Vivo,6.1,20000.0,"2024, January",Android 13,6.56,13,4,5000.0
Energizer E29,Energizer,5.6,5000.0,"2023, November",,2.8,3,6531,1700.0
Xiaomi Redmi 13R,Xiaomi,6.1,16000.0,"2023, December 08",Android 13,6.74,50,4,5000.0
Coolpad CP12s,Coolpad,5.0,0.0,"2023, November 29",Android 13,6.79,48,6,5000.0
Xiaomi Redmi 13C 5G,Xiaomi,6.0,20000.0,"2023, December 16",Android 13,6.74,50,4,5000.0
Infinix Hot 40 Pro,Infinix,6.6,18999.0,"2023, December",Android 13,6.78,108,8,5000.0
Infinix Hot 40,Infinix,5.3,15999.0,"2023, December",Android 13,6.78,50,8,5000.0
Vivo S18e,Vivo,6.9,35000.0,"2023, January 13",Android 14,6.67,50,12,4800.0
Walton NEXG N71 Plus,Walton,5.5,12999.0,"2023, December",Android 13,6.6,52,9,5050.0
Tecno Spark 20,Tecno,6.0,16999.0,"2023, December",Android 13,6.6,50,8,5000.0
Huawei Nova 12 Ultra,Huawei,8.9,75000.0,"2024, January 12",HarmonyOS 4.0,6.76,50,9000,4600.0
Realme C67,Realme,6.4,20000.0,"2023, December 16",Android 13,6.72,50,4,5000.0
ZTE Blade V50 Design 4G,ZTE,5.8,14499.0,"2023, October",Android 13,6.6,50,8,5000.0
Infinix Smart 8 Pro,Infinix,6.5,11499.0,"2024, February",Android 13,6.6,50,4,5000.0
Honor X7b,Honor,6.1,22999.0,"2023, December 01",Android 13,6.8,108,4,6000.0
Infinix Smart 8 HD,Infinix,5.5,10000.0,"2023, December 13",Android 13,6.6,13,3,5000.0
ZTE nubia Red Magic 9 Pro+,ZTE,9.1,120000.0,"2023, November 23",Android 14,6.8,50,3,5500.0
Honor 90 GT,Honor,7.5,55000.0,"2023, December 21",Android 13,6.7,50,2,5000.0
Oppo Reno11 Pro (China),Oppo,7.0,50000.0,"2023, December 01",Android 14,6.74,50,1,4700.0
Oppo Reno11 (China),Oppo,6.6,40000.0,"2023, November 25",Android 14,6.7,50,8,4800.0
Vivo V30 Lite,Vivo,6.5,60000.0,"2023, December 29",Android 13,6.67,64,5,4800.0
Realme V50s,Realme,5.8,30000.0,"2023, December 20",Android 13,6.72,13,6,5000.0
Blackview Oscal Tiger 12,Blackview,5.8,0.0,"2023, November",Android 13,6.78,64,8,5000.0
Walton Orbit Y70,Walton,5.6,8999.0,"2023, November",Android 13,6.6,8,6,5000.0
Vivo Y100i,Vivo,5.4,25000.0,"2023, December 02",Android 13,6.64,50,12,5000.0
Tecno Camon 20s Pro 5G,Tecno,7.0,25000.0,"2023, November",Android 13,6.67,64,8,5000.0
Kyocera DuraSport UW,Kyocera,6.5,80000.0,"2023, December",Android 13,6.1,48,4,4500.0
ZTE Blade V50 Vita,ZTE,5.9,25000.0,"2023, October",Android 13,6.75,50,4,5200.0
Honor X50i+,Honor,6.6,25000.0,"2023, November 10",Android 13,6.7,108,12,4500.0
Xiaomi Redmi 13C,Xiaomi,5.9,13999.0,"2023, November 10",Android 13,6.74,50,4,5000.0
Symphony FiRE30,Symphony,6.4,1699.0,"2023, November",,2.8,0,0,3850.0
Symphony L280,Symphony,6.3,1599.0,"2023, November",,2.8,0,0,2950.0
Xiaomi Redmi K70e,Xiaomi,7.5,42000.0,"2023, November 29",Android 14,6.67,64,12,5500.0
Wiko Hi Enjoy 60s,Wiko,6.4,25000.0,"2023, November 07",HarmonyOS,6.75,13,700,6000.0
Vivo Y27s,Vivo,5.9,22999.0,"2023, November 07",Android 13,6.64,50,4,5000.0
Ulefone Power Armor 18 Ultra,Ulefone,7.1,35000.0,"2023, November",Android 13,6.58,108,12,9600.0
Ulefone Power Armor 18T Ultra,Ulefone,7.6,45000.0,"2023, November",Android 13,6.58,108,12,9600.0
Blackview Shark 8,Blackview,5.0,0.0,"2023, November",Android 13,6.78,64,8,5000.0
Blackview Oscal Tiger 10,Blackview,5.8,0.0,"2023, November",Android 13,6.6,50,8,5180.0
Vivo S18 Pro,Vivo,8.0,55000.0,"2023, January 13",Android 14,6.78,50,12,5000.0
Vivo S18,Vivo,7.1,44000.0,"2023, December 22",Android 14,6.78,50,3,5000.0
Oukitel WP30 Pro,Oukitel,7.6,55000.0,"2023, November 18",Android 13,6.78,108,12,11000.0
Oukitel WP32 Pro,Oukitel,6.5,25000.0,2023,Android 13,6.52,13,8,10600.0
Oukitel WP28,Oukitel,5.0,25000.0,"2023, July",Android 13,6.52,48,8,10600.0
Oukitel WP27,Oukitel,6.8,35000.0,"2023, September",Android 13,6.8,64,12,8500.0
Oukitel WP26,Oukitel,7.0,35000.0,"2023, June",Android 13,6.58,48,16,10000.0
Oukitel WP23,Oukitel,5.0,20000.0,"2023, April",Android 13,6.52,13,4,10600.0
Oukitel WP21 Ultra,Oukitel,7.6,55000.0,"2023, March",Android 13,6.78,64,12,9800.0
Oukitel WP22,Oukitel,5.0,35000.0,"2023, March",Android 13,6.58,48,8,10000.0
Oukitel K16,Oukitel,5.6,30000.0,"2023, March",Android 13,3.5,48,8,3050.0
Oukitel C35,Oukitel,6.0,25000.0,"2023, August",Android 13,6.56,50,12,5150.0
Oukitel C33,Oukitel,5.6,22000.0,"2023, May",Android 13,6.8,50,8,5150.0
Oukitel C32,Oukitel,6.0,20000.0,"2023, January",Android 12,6.52,20,8,5150.0
Oukitel C36,Oukitel,5.8,10000.0,"2023, September",Android 13,6.56,13,4,5150.0
Oukitel WP32,Oukitel,6.0,25000.0,"2023, November 01",Android 13,5.93,20,4,6300.0
Tecno Pop 8,Tecno,6.0,14000.0,"2023, November",Android 13,6.6,13,3,5000.0
Itel A70,Itel,5.8,8990.0,"2023, November",Android 13,6.6,13,3,5000.0
Honor Magic6 Lite,Honor,7.4,0.0,"2023, December 27",Android 13,6.78,108,1,5800.0
Doogee N50 Pro,Doogee,5.9,16000.0,"2023, November",Android 13,6.52,50,8,4200.0
Doogee Smini,Doogee,6.3,25000.0,"2023, November 11",Android 13,4.5,50,8,3000.0
Walton NEXG N8,Walton,6.4,15499.0,"2023, November",Android 13,6.8,50,12,5000.0
Lava Blaze 2 5G,Lava,7.0,15000.0,"2023, November 09",Android 13,6.56,50,4,5000.0
Cubot KingKong 8,Cubot,6.5,25000.0,"2023, October 23",Android 13,6.53,48,12,10600.0
Vivo T2,Vivo,6.3,35000.0,"2023, October 23",Android 13,6.62,64,8,4600.0
Oppo A79,Oppo,7.3,35000.0,"2023, October 28",Android 13,6.72,50,8,5000.0
Vivo Y100 (China),Vivo,7.3,25000.0,"2023, October 27",Android 13,6.78,64,5,5000.0
Doogee V30 Pro,Doogee,7.9,30000.0,"2023, November 01",Android 13,6.58,200,12,10800.0
Vivo V29e,Vivo,6.9,36999.0,"2023, October 23",Android 13,6.67,64,5,4800.0
Oppo Find X7,Oppo,8.3,65000.0,"2024, January 12",Android 14,6.78,64,12,5000.0
Oppo A59 5G,Oppo,6.5,22000.0,"2023, December 25",Android 13,6.56,13,4,5000.0
ZTE nubia Z60 Ultra,ZTE,9.0,87000.0,"2023, December 29",Android 14,6.8,64,3,6000.0
Meizu 20 Classic,Meizu,8.4,50000.0,"2023, October 31",Android 13,6.55,50,2,4700.0
Infinix Hot 40i,Infinix,5.3,13999.0,"2023, December",Android 13,6.56,50,4,5000.0
Vivo Y200,Vivo,6.9,29000.0,"2023, October",Android 13,6.67,64,1,4800.0
Cubot Note 40,Cubot,5.6,12000.0,"2023, October 16",Android 13,6.56,50,6,5200.0
Tecno Spark Go 2024,Tecno,5.5,9999.0,"2023, December",Android 13,6.6,13,3,5000.0
Vivo Y27 5G,Vivo,6.0,0.0,"2023, July",Android 13,6.64,50,4,5000.0
OnePlus Open,OnePlus,8.9,130000.0,"2023, October 26",Android 13,7.82,64,2,4805.0
Infinix Zero 30 4G,Infinix,6.4,25000.0,"2023, October 26",Android 13,6.78,108,8,5000.0
Lava O1,Lava,6.1,14000.0,"2023, October",Android 13,6.5,13,4,5000.0
Vivo Y78t,Vivo,7.3,25000.0,"2023, October 24",Android 13,6.64,50,1,6000.0
Xiaomi Poco C65,Xiaomi,6.4,14000.0,"2023, November 06",Android 13,6.74,50,4,5000.0
Honor Play 50 Plus,Honor,6.0,25000.0,"2023, October 10",Android 13,6.8,50,8,6000.0
Honor X9B,Honor,7.5,39999.0,"2023, October",Android 13,6.78,108,1,5800.0
ZTE Blade V50 Design,ZTE,6.4,25000.0,"2023, August",Android 13,6.6,50,4,4800.0
Nokia XR21 Limited Edition,Nokia,7.3,80000.0,"2023, October",Android 12,6.49,64,5,4800.0
Huawei Nova 11 SE,Huawei,7.1,35000.0,"2023, November 03",HarmonyOS 4.0,6.67,108,4,4500.0
Sharp Aquos V7 Plus,Sharp,5.9,25000.0,"2023, July",Android 13,6.74,50,4,5010.0
Sharp Aquos R7s,Sharp,8.0,120000.0,"2023, July",Android 13,6.6,47,1,5000.0
Vivo Y200 (India),Vivo,7.0,30000.0,"2023, October 23",Android 13,6.67,64,1,4800.0
Tecno Spark 20C,Tecno,5.8,11999.0,"2023, December",Android 13,6.6,50,4,5000.0
BLU Bold N3,BLU,6.5,30000.0,"2023, August",Android 13,6.78,50,8,4700.0
Ulefone Armor X12,Ulefone,5.8,18000.0,"2023, September",Android 13,5.45,13,3,4860.0
Itel Power 55,Itel,5.9,15000.0,"2023, October 05",Android 13,6.6,50,4,5000.0
Ulefone Armor 24,Ulefone,6.8,0.0,"2023, September",Android 13,6.78,64,12,22000.0
Blackview BV6200 Pro,Blackview,6.3,0.0,"2023, July",Android 13,6.56,13,4,13000.0
Blackview Oscal S70 Pro,Blackview,6.0,0.0,"2023, August",Android 12,6.1,13,4,6580.0
Blackview A96,Blackview,6.0,20000.0,"2023, September",Android 13,6.5,48,8,4380.0
Xiaomi Redmi Note 13R Pro,Xiaomi,8.1,35000.0,"2023, November 20",Android 13,6.67,108,12,5000.0
Huawei Mate 60 RS Ultimate,Huawei,8.9,180000.0,"2023, September 28",HarmonyOS 4.0,6.82,50,16,5000.0
Walton NEXG N6 LITE,Walton,6.5,12999.0,"2023, September",Android 12,6.6,52,8,5000.0
Lava Blaze Pro 5G,Lava,7.5,19500.0,"2023, October 03",Android 13,6.78,50,8,5000.0
NIO Phone,NIO,8.8,100000.0,"2023, September 21",,6.81,50,2,5200.0
Symphony ATOM 4,Symphony,5.6,8699.0,"2022, September",Android 13,6.56,8,3,5000.0
Xiaomi Redmi Note 13 Pro,Xiaomi,8.5,27000.0,"2023, September 21",Android 13,6.67,200,2,5100.0
